date,hv10,hv10_rank,phv10,phv10_rank,ivcall10,ivcall10_rank,ivmean10,ivmean10_rank,ivput10,ivput10_rank,hv180,hv180_rank,phv180,phv180_rank,ivcall1080,ivcall1080_rank,ivmean1080,ivmean1080_rank,ivput1080,ivput1080_rank
2025-10-10,0.2825,15.0,0.3134,7.0,0.7245,45.0,0.7318,46.0,0.7392,53.0,0.4051,2.0,0.4293,1.0,0.6542,62.0,0.5919,55.0,0.5296,23.0
2025-10-09,0.3378,24.0,0.3191,7.0,0.721,44.0,0.6708,36.0,0.6206,37.0,0.4049,2.0,0.4305,1.0,0.6597,63.0,0.6367,65.0,0.6137,61.0
2025-10-08,0.3234,22.0,0.3083,6.0,0.7997,51.0,0.7181,44.0,0.6365,39.0,0.4216,4.0,0.437,2.0,0.649,61.0,0.597,57.0,0.5449,31.0
2025-10-07,0.323,21.0,0.3398,11.0,0.7682,49.0,0.682,38.0,0.5958,31.0,0.4346,5.0,0.4408,4.0,0.6545,62.0,0.612,60.0,0.5696,42.0
2025-10-06,0.328,23.0,0.3476,12.0,0.8977,60.0,0.8402,57.0,0.7828,57.0,0.4408,6.0,0.4497,7.0,0.6434,60.0,0.6258,64.0,0.6083,59.0
2025-10-02,0.2697,13.0,0.3431,11.0,0.8059,52.0,0.6704,36.0,0.5348,18.0,0.4395,6.0,0.4621,8.0,0.4891,10.0,0.5312,21.0,0.5734,44.0
2025-10-01,0.2392,9.0,0.3341,10.0,0.6344,26.0,0.5636,14.0,0.4929,11.0,0.4486,7.0,0.4639,8.0,0.5883,47.0,0.5848,53.0,0.5812,48.0
2025-09-30,0.3637,27.0,0.4094,25.0,0.5903,18.0,0.6474,31.0,0.7045,48.0,0.4467,7.0,0.4651,8.0,0.6287,56.0,0.5873,53.0,0.5458,31.0
2025-09-29,0.3919,32.0,0.4173,27.0,0.6441,28.0,0.6338,28.0,0.6236,37.0,0.4468,7.0,0.4694,10.0,0.6641,65.0,0.6034,57.0,0.5426,30.0
2025-09-24,0.521,53.0,0.4353,31.0,0.5489,13.0,0.5202,8.0,0.4914,11.0,0.4605,8.0,0.4791,14.0,0.648,61.0,0.6212,63.0,0.5943,54.0
2025-09-23,0.522,54.0,0.431,28.0,0.6527,31.0,0.625,27.0,0.5974,31.0,0.4606,8.0,0.4789,14.0,0.5527,32.0,0.5594,38.0,0.566,40.0
2025-09-22,0.6585,76.0,0.519,52.0,0.8163,53.0,0.6315,28.0,0.4466,5.0,0.4607,8.0,0.48,14.0,0.6151,54.0,0.6012,57.0,0.5872,51.0
2025-09-19,0.5733,64.0,0.5293,55.0,0.5753,16.0,0.5914,21.0,0.6075,33.0,0.4542,7.0,0.4769,13.0,0.5983,49.0,0.569,42.0,0.5396,28.0
2025-09-18,0.9955,95.0,0.8071,88.0,0.5458,13.0,0.8102,53.0,1.0746,76.0,0.4539,7.0,0.4765,13.0,0.6052,51.0,0.6044,59.0,0.6037,57.0
2025-09-16,0.9978,95.0,0.8132,88.0,1.1119,73.0,0.8192,54.0,0.5266,17.0,0.4662,9.0,0.4801,15.0,0.632,57.0,0.5914,55.0,0.5507,34.0
2025-09-15,1.0198,95.0,0.8118,88.0,0.6814,38.0,0.6415,30.0,0.6016,32.0,0.472,10.0,0.4826,17.0,0.6127,53.0,0.6424,66.0,0.672,69.0
2025-09-12,0.9739,94.0,0.8002,88.0,0.99,66.0,0.7952,52.0,0.6003,32.0,0.4689,9.0,0.481,16.0,0.6448,60.0,0.5926,56.0,0.5405,28.0
2025-09-10,0.8337,90.0,0.6937,79.0,1.1042,72.0,0.8387,57.0,0.5732,27.0,0.4595,8.0,0.4722,10.0,0.5827,45.0,0.5858,53.0,0.5889,52.0
2025-09-09,0.3082,19.0,0.3361,10.0,0.6952,41.0,0.6444,30.0,0.5935,31.0,0.4242,5.0,0.4496,7.0,0.5411,27.0,0.5234,17.0,0.5057,11.0
2025-09-08,0.2789,14.0,0.3328,9.0,0.7453,47.0,0.6864,38.0,0.6274,38.0,0.426,5.0,0.4515,7.0,0.5711,40.0,0.5769,47.0,0.5826,49.0
2025-09-05,0.2125,6.0,0.3456,12.0,0.4907,6.0,0.4928,5.0,0.495,11.0,0.4274,5.0,0.4528,7.0,0.6215,55.0,0.5714,44.0,0.5214,19.0
2025-09-04,0.1926,4.0,0.3247,8.0,0.7581,48.0,0.6892,39.0,0.6203,36.0,0.4265,5.0,0.4572,7.0,0.5456,28.0,0.5682,42.0,0.5908,52.0
2025-08-26,0.2447,10.0,0.47,40.0,0.5931,18.0,0.642,30.0,0.691,47.0,0.4407,6.0,0.4639,8.0,0.5541,33.0,0.5416,27.0,0.529,23.0
2025-08-25,0.249,11.0,0.4739,40.0,0.6098,22.0,0.5348,8.0,0.4597,7.0,0.4399,6.0,0.4659,9.0,0.6063,51.0,0.5785,49.0,0.5507,34.0
2025-08-22,0.2465,10.0,0.4232,28.0,0.5756,16.0,0.5578,12.0,0.5399,20.0,0.4434,6.0,0.4673,9.0,0.5306,23.0,0.5477,31.0,0.5648,40.0
2025-08-21,0.199,5.0,0.4246,28.0,0.566,14.0,0.5088,7.0,0.4517,5.0,0.456,8.0,0.4718,10.0,0.557,34.0,0.5456,30.0,0.5342,26.0
2025-08-20,0.2108,6.0,0.429,28.0,0.6695,35.0,0.587,20.0,0.5045,13.0,0.4567,8.0,0.4739,11.0,0.5764,43.0,0.577,47.0,0.5776,47.0
2025-08-19,0.2097,6.0,0.428,28.0,0.5863,18.0,0.5327,8.0,0.4791,9.0,0.4625,8.0,0.4771,13.0,0.5728,41.0,0.5517,33.0,0.5306,24.0
2025-08-18,0.2079,6.0,0.3905,20.0,0.4677,5.0,0.4677,3.0,0.4677,7.0,0.4622,8.0,0.477,13.0,0.5253,22.0,0.5274,19.0,0.5296,23.0
2025-08-15,0.2246,7.0,0.2963,5.0,0.5675,15.0,0.5458,10.0,0.5241,16.0,0.4607,8.0,0.473,11.0,0.5488,31.0,0.5409,27.0,0.533,25.0
2025-08-13,0.2555,10.0,0.3522,11.0,1.8434,,1.1742,,0.505,,0.4607,9.0,0.4742,12.0,0.5582,,0.5632,,0.5681,
2025-08-12,0.2644,11.0,0.5136,49.0,1.9638,,1.2344,,0.5049,,0.4642,9.0,0.4738,12.0,0.5199,,0.5488,,0.5777,
2025-08-08,0.3441,22.0,0.5536,57.0,0.8227,,0.6523,,0.4819,,0.4675,9.0,0.4774,13.0,0.5351,,0.5294,,0.5236,
2025-08-07,0.3624,24.0,0.5593,59.0,0.6394,,0.6202,,0.6011,,0.4698,9.0,0.4792,13.0,0.5113,,0.5383,,0.5653,
2025-08-05,0.1788,3.0,0.5285,53.0,0.5524,,0.5649,,0.5774,,0.4825,12.0,0.4801,14.0,0.5415,,0.5414,,0.5413,
2025-08-04,0.1833,3.0,0.5279,52.0,1.0986,,0.8504,,0.6022,,0.4853,13.0,0.4833,17.0,0.555,,0.5764,,0.5977,
2025-08-01,0.188,3.0,0.3622,13.0,0.6378,,0.631,,0.6243,,0.4859,13.0,0.4761,13.0,0.5557,,0.5624,,0.5692,
2025-07-31,0.3154,18.0,0.3514,11.0,0.6097,,0.5755,,0.5413,,0.4868,13.0,0.4756,12.0,0.5819,,0.5648,,0.5478,
2025-07-30,0.3275,20.0,0.3136,6.0,0.5837,,0.5386,,0.4936,,0.4846,12.0,0.4737,12.0,0.5872,,0.5778,,0.5685,
2025-07-29,0.3172,18.0,0.3066,5.0,0.6861,,0.6056,,0.525,,0.4834,12.0,0.4734,12.0,0.5509,,0.5613,,0.5717,
2025-07-28,0.3496,23.0,0.3082,5.0,0.5957,,0.5755,,0.5553,,0.4834,12.0,0.4726,11.0,0.579,,0.556,,0.533,
2025-07-25,0.3282,20.0,0.3151,6.0,0.6193,,0.5601,,0.501,,0.4828,12.0,0.4727,11.0,0.5283,,0.5382,,0.548,
2025-07-24,0.2606,11.0,0.3228,6.0,0.6368,,0.6046,,0.5724,,0.4821,12.0,0.4731,11.0,0.5792,,0.5757,,0.5722,
2025-07-22,0.2991,15.0,0.3779,16.0,0.6317,,0.6342,,0.6366,,0.4945,14.0,0.4782,13.0,0.5004,,0.5022,,0.5041,
2025-07-21,0.4141,33.0,0.4103,23.0,0.5857,,0.5078,,0.43,,0.4937,14.0,0.478,13.0,0.4875,,0.4866,,0.4858,
2025-07-18,0.4305,36.0,0.4271,26.0,0.5938,,0.676,,0.7581,,0.4966,14.0,0.4803,14.0,0.4799,,0.5007,,0.5215,
2025-07-17,0.5845,64.0,0.473,38.0,1.7986,,1.12,,0.4414,,0.4977,14.0,0.4806,15.0,0.5172,,0.5086,,0.5,
2025-07-16,0.5843,64.0,0.4647,36.0,1.309,,1.0294,,0.7498,,0.5051,16.0,0.4855,18.0,0.5544,,0.5447,,0.535,
2025-07-15,0.5859,64.0,0.4498,32.0,1.1368,,0.8164,,0.4961,,0.5055,16.0,0.487,19.0,0.5466,,0.5379,,0.5293,
2025-07-14,0.5533,59.0,0.4173,24.0,1.0273,,0.7601,,0.4929,,0.5074,17.0,0.4894,21.0,0.5833,,0.5586,,0.5338,
2025-07-11,0.5515,59.0,0.4133,23.0,1.0946,,0.7301,,0.3656,,0.5221,28.0,0.4925,24.0,0.4928,,0.5319,,0.571,
2025-07-09,0.4021,31.0,0.3583,12.0,0.6868,,0.5853,,0.4838,,0.5295,33.0,0.4965,28.0,0.4973,,0.5244,,0.5516,
2025-07-08,0.1204,1.0,0.2708,3.0,0.9645,,0.8125,,0.6605,,0.524,30.0,0.4953,26.0,0.4731,,0.5668,,0.6605,
2025-07-07,0.1191,1.0,0.2748,3.0,0.6966,,0.6544,,0.6121,,0.524,30.0,0.4954,26.0,0.4966,,0.5044,,0.5121,
2025-07-03,0.2071,5.0,0.2571,2.0,0.8568,,0.695,,0.5331,,0.524,30.0,0.4957,27.0,0.4927,,0.504,,0.5154,
2025-07-02,0.2077,5.0,0.2959,4.0,0.8623,,0.6607,,0.4591,,0.524,30.0,0.4969,28.0,0.5266,,0.5222,,0.5178,
2025-07-01,0.2089,5.0,0.3089,5.0,0.7714,,0.6817,,0.592,,0.524,30.0,0.4968,28.0,0.5214,,0.519,,0.5167,
2025-06-30,0.2315,7.0,0.3207,6.0,0.955,,0.6985,,0.442,,0.5241,30.0,0.4979,28.0,0.5004,,0.5202,,0.5401,
2025-06-27,0.2479,9.0,0.3164,6.0,0.8058,,0.6638,,0.5218,,0.5242,30.0,0.4982,28.0,0.5545,,0.5348,,0.515,
2025-06-26,0.3127,17.0,0.3368,9.0,0.7622,,0.5986,,0.435,,0.5241,30.0,0.498,28.0,0.5182,,0.528,,0.5379,
2025-06-25,0.3201,19.0,0.3477,10.0,0.8169,,0.6516,,0.4864,,0.5243,30.0,0.4981,28.0,0.4989,,0.522,,0.545,
2025-06-24,0.3243,19.0,0.3378,9.0,0.5994,,0.5514,,0.5035,,0.5332,35.0,0.5012,31.0,0.5348,,0.5024,,0.4699,
2025-06-23,0.2179,6.0,0.3367,8.0,0.7147,,0.6658,,0.6169,,0.5354,36.0,0.5026,32.0,0.5776,,0.5581,,0.5386,
2025-06-20,0.242,9.0,0.3129,6.0,0.6112,,0.5596,,0.5081,,0.5353,36.0,0.5021,32.0,0.6065,,0.5781,,0.5498,
2025-06-18,0.2455,9.0,0.2901,4.0,0.5838,,0.5492,,0.5146,,0.5347,36.0,0.5047,33.0,0.6005,,0.5367,,0.4728,
2025-06-17,0.2478,9.0,0.2887,4.0,1.363,,0.9451,,0.5272,,0.5356,36.0,0.5062,35.0,0.6321,,0.5582,,0.4842,
2025-06-16,0.1931,4.0,0.2547,2.0,0.5901,,0.5944,,0.5987,,0.5352,36.0,0.5057,34.0,0.6455,,0.583,,0.5204,
2025-06-13,0.1831,3.0,0.2639,3.0,0.5733,,0.5734,,0.5734,,0.5353,36.0,0.5059,35.0,0.6418,,0.5875,,0.5332,
2025-06-12,0.1878,3.0,0.2642,3.0,0.6345,,0.5908,,0.5472,,0.5354,36.0,0.5079,36.0,0.6477,,0.5809,,0.514,
2025-06-11,0.2272,7.0,0.297,4.0,0.6499,,0.5901,,0.5303,,0.535,36.0,0.5094,36.0,0.6376,,0.5757,,0.5138,
2025-06-10,0.2097,5.0,0.2862,4.0,0.6416,,0.6116,,0.5816,,0.5328,35.0,0.5095,37.0,0.6193,,0.5861,,0.553,
2025-06-09,0.2852,13.0,0.3433,10.0,0.6031,,0.6003,,0.5976,,0.5327,35.0,0.5113,37.0,0.6073,,0.5671,,0.5268,
2025-06-06,0.2872,13.0,0.335,8.0,0.8198,,0.8512,,0.8825,,0.5405,41.0,0.5135,38.0,0.5559,,0.529,,0.5021,
2025-06-05,0.299,15.0,0.3538,11.0,0.6483,,0.7044,,0.7606,,0.5405,41.0,0.5132,38.0,0.5667,,0.5532,,0.5398,
2025-06-04,0.3927,30.0,0.386,18.0,0.5662,,0.6668,,0.7675,,0.5414,42.0,0.5128,38.0,0.5384,,0.5274,,0.5165,
2025-06-03,0.3948,30.0,0.4216,25.0,0.8379,,0.8714,,0.9048,,0.5419,42.0,0.5138,39.0,0.5963,,0.5398,,0.4832,
2025-06-02,0.294,14.0,0.4257,26.0,0.7346,,0.6723,,0.61,,0.5422,43.0,0.5138,39.0,0.5271,,0.5221,,0.5171,
2025-05-30,0.4859,45.0,0.4535,33.0,0.7583,,0.7317,,0.7051,,0.542,42.0,0.514,39.0,0.3946,,0.4212,,0.4479,
2025-05-29,0.4696,42.0,0.4308,26.0,0.7541,,0.7594,,0.7646,,0.5423,43.0,0.5135,38.0,0.5436,,0.5286,,0.5135,
2025-05-28,0.4677,42.0,0.4364,28.0,0.4794,,0.5909,,0.7024,,0.5435,44.0,0.5165,41.0,0.6248,,0.5764,,0.5279,
2025-05-27,0.467,42.0,0.435,28.0,0.6379,,0.5585,,0.4791,,0.5476,46.0,0.518,43.0,0.5592,,0.555,,0.5507,
2025-05-23,0.4198,34.0,0.4172,24.0,0.5971,,0.6158,,0.6346,,0.5446,44.0,0.5162,41.0,0.5843,,0.5658,,0.5473,
2025-05-22,0.4615,41.0,0.4045,21.0,0.7841,,0.669,,0.5539,,0.5446,44.0,0.5144,39.0,0.5638,,0.5522,,0.5407,
2025-05-21,0.5933,65.0,0.5303,53.0,0.8381,,0.7754,,0.7126,,0.5502,47.0,0.5158,40.0,0.6323,,0.5708,,0.5092,
2025-05-20,0.5091,49.0,0.5355,54.0,0.8196,,0.8268,,0.8341,,0.5456,45.0,0.515,40.0,0.5229,,0.5551,,0.5873,
2025-05-19,0.524,52.0,0.5184,50.0,0.6803,,0.7181,,0.7558,,0.5464,46.0,0.5152,40.0,0.6108,,0.5734,,0.5361,
2025-05-16,0.5824,63.0,0.5374,55.0,0.851,,0.7227,,0.5944,,0.5475,46.0,0.5159,41.0,0.5397,,0.5264,,0.513,
2025-05-15,0.5882,64.0,0.5314,53.0,0.5675,,0.7119,,0.8563,,0.547,46.0,0.5154,40.0,0.6228,,0.5778,,0.5329,
2025-05-14,0.5857,64.0,0.5281,53.0,0.6235,,0.6556,,0.6876,,0.5464,46.0,0.5144,39.0,0.5471,,0.5464,,0.5456,
2025-05-13,0.5228,52.0,0.5482,57.0,0.6022,,0.5324,,0.4626,,0.5467,46.0,0.5145,39.0,0.5702,,0.5546,,0.539,
2025-05-12,0.4228,35.0,0.4496,32.0,0.706,,0.6374,,0.5687,,0.5388,39.0,0.5081,36.0,0.5023,,0.5222,,0.5422,
2025-05-09,0.2838,13.0,0.4301,26.0,0.6742,,0.6334,,0.5926,,0.533,35.0,0.5078,36.0,0.568,,0.5752,,0.5823,
2025-05-08,0.3137,17.0,0.449,32.0,0.78,,0.8276,,0.8753,,0.541,41.0,0.5111,37.0,0.6143,,0.6018,,0.5893,
2025-05-07,0.2913,14.0,0.4307,26.0,0.7275,,0.9347,,1.1419,,0.5401,41.0,0.511,37.0,0.5674,,0.5704,,0.5734,
2025-05-06,0.3027,15.0,0.4188,25.0,0.5675,,0.503,,0.4385,,0.5415,42.0,0.5113,37.0,0.567,,0.5898,,0.6125,
2025-05-05,0.3012,15.0,0.4131,23.0,0.604,,0.5067,,0.4094,,0.5415,42.0,0.5106,37.0,0.5864,,0.5819,,0.5774,
2025-05-02,0.2415,9.0,0.3599,12.0,0.5533,,0.6155,,0.6777,,0.5407,41.0,0.5085,36.0,0.6058,,0.5998,,0.5938,
2025-05-01,0.2337,7.0,0.3157,6.0,0.6306,,0.6575,,0.6844,,0.5406,41.0,0.5066,35.0,0.6154,,0.6074,,0.5994,
2025-04-30,0.2179,6.0,0.3043,5.0,0.8702,,0.6345,,0.3988,,0.5394,40.0,0.5062,35.0,0.5342,,0.5406,,0.5469,
2025-04-29,0.2022,5.0,0.3282,7.0,0.5207,,0.4894,,0.458,,0.5405,41.0,0.506,35.0,0.4877,,0.5098,,0.532,
2025-04-28,0.2809,13.0,0.4,20.0,0.3794,,0.5904,,0.8015,,0.5404,41.0,0.5058,35.0,0.4845,,0.4942,,0.504,
2025-04-25,0.306,16.0,0.4074,22.0,0.6939,,0.5543,,0.4147,,0.5425,43.0,0.5081,36.0,0.5237,,0.5322,,0.5407,
2025-04-24,0.3484,23.0,0.405,21.0,0.3972,,0.5556,,0.7141,,0.5425,43.0,0.5074,36.0,0.5479,,0.5286,,0.5093,
2025-04-23,0.3432,22.0,0.4387,28.0,0.5661,,0.4895,,0.4128,,0.5437,44.0,0.5082,36.0,0.4913,,0.4918,,0.4924,
2025-04-22,0.5296,53.0,0.5334,54.0,0.7687,,0.5472,,0.3256,,0.5438,44.0,0.5081,36.0,0.4932,,0.5077,,0.5222,
2025-04-21,0.7963,86.0,0.5783,63.0,0.8008,,0.8269,,0.853,,0.5447,45.0,0.5081,36.0,0.4878,,0.5135,,0.5392,
2025-04-17,0.8282,89.0,0.6726,76.0,0.7154,,0.7964,,0.8774,,0.5444,44.0,0.5075,36.0,0.5223,,0.54,,0.5577,
2025-04-16,0.7965,86.0,0.702,79.0,0.9677,,0.9042,,0.8406,,0.54,41.0,0.5061,35.0,0.586,,0.6018,,0.6177,
2025-04-15,0.7907,86.0,0.7883,86.0,0.833,,0.8382,,0.8433,,0.5449,45.0,0.5099,37.0,0.5474,,0.5489,,0.5503,
2025-04-14,0.9171,92.0,0.8032,87.0,0.9182,,0.9542,,0.9901,,0.5483,46.0,0.511,37.0,0.6162,,0.6226,,0.6291,
2025-04-11,0.9194,92.0,0.8064,87.0,1.0782,,1.1862,,1.2941,,0.555,48.0,0.5129,38.0,0.6598,,0.6437,,0.6275,
2025-04-10,0.7246,80.0,0.7842,86.0,1.092,,,,0.9698,,0.5416,42.0,0.5073,36.0,0.6592,,,,0.6307,
2025-04-09,0.606,67.0,0.7863,86.0,0.9206,,,,0.7004,,0.5321,35.0,0.5046,33.0,0.5578,,,,0.647,
2025-04-08,0.5303,54.0,0.7599,84.0,0.925,,,,0.8181,,0.5268,32.0,0.4964,27.0,0.6365,,,,0.7266,
2025-04-07,0.5973,65.0,0.7222,81.0,0.9723,,,,1.0718,,0.5261,31.0,0.491,23.0,0.6489,,,,0.9299,
2025-04-04,0.6406,73.0,0.6302,70.0,1.0505,,,,0.9743,,0.5271,32.0,0.4838,17.0,0.6114,,,,0.6652,
2025-04-03,0.5255,52.0,0.6169,68.0,0.9961,,,,1.0962,,0.5187,24.0,0.4821,16.0,0.6578,,,,0.5199,
2025-04-02,0.535,55.0,0.6033,65.0,0.6833,,,,0.7862,,0.5189,25.0,0.4806,15.0,0.6274,,,,0.5352,
2025-04-01,0.5391,56.0,0.5426,56.0,0.78,,,,0.6497,,0.5189,25.0,0.4781,13.0,0.6189,,,,0.5687,
2025-03-31,0.5288,53.0,0.4946,44.0,0.9091,,,,0.5382,,0.524,30.0,0.4762,13.0,0.4608,,,,0.5293,
2025-03-28,0.6273,70.0,0.4464,31.0,0.726,,,,0.94,,0.5242,30.0,0.4707,11.0,0.5826,,,,0.5621,
2025-03-27,0.6012,66.0,0.4772,38.0,0.9475,,,,0.4482,,0.5215,27.0,0.4694,10.0,0.555,,,,0.5047,
2025-03-26,0.5536,59.0,0.4694,37.0,0.5993,,,,0.583,,0.5206,26.0,0.4695,11.0,0.5266,,,,0.583,
2025-03-25,0.6289,70.0,0.4651,36.0,0.5142,,,,0.495,,0.521,26.0,0.4689,10.0,0.5722,,,,0.6067,
2025-03-24,0.6372,72.0,0.4494,32.0,0.5867,,,,0.9035,,0.521,26.0,0.4679,10.0,0.5186,,,,0.5652,
2025-03-21,0.658,75.0,0.4635,36.0,0.8589,,,,0.8407,,0.5208,26.0,0.4682,10.0,0.6606,,,,0.5913,
2025-03-20,0.6675,76.0,0.4909,43.0,0.6915,,,,0.9313,,0.5167,23.0,0.4675,10.0,0.5245,,,,0.5466,
2025-03-19,0.4923,46.0,0.4581,34.0,0.7706,,,,0.668,,0.5071,17.0,0.4651,9.0,0.5215,,,,0.5163,
2025-03-18,0.3142,17.0,0.4866,41.0,1.0416,,,,2.0815,,0.5072,17.0,0.4642,9.0,0.4678,,,,0.5533,
2025-03-17,0.3383,21.0,0.524,51.0,1.4313,,,,1.4092,,0.5083,18.0,0.4664,9.0,0.5084,,,,0.5851,
2025-03-14,0.4715,43.0,0.5503,57.0,1.4532,,,,1.134,,0.5075,17.0,0.4663,9.0,0.4923,,,,0.5334,
2025-03-13,0.4765,44.0,0.5594,59.0,1.314,,,,0.6773,,0.507,17.0,0.4661,9.0,0.5621,,,,0.6023,
2025-03-12,0.5825,64.0,0.5684,61.0,0.7568,,,,1.3474,,0.5077,18.0,0.4667,10.0,0.5941,,,,0.5734,
2025-03-11,0.562,60.0,0.5584,59.0,1.2136,,,,0.7979,,0.5056,16.0,0.4656,9.0,0.6097,,,,0.6232,
2025-03-10,0.5344,55.0,0.5478,57.0,0.6541,,,,0.8182,,0.5029,16.0,0.4645,9.0,0.5491,,,,0.5935,
2025-03-07,0.5112,49.0,0.4963,45.0,0.8163,,,,0.6229,,0.5023,16.0,0.4611,8.0,0.5703,,,,0.6229,
2025-03-06,0.5256,52.0,0.5347,54.0,0.778,,,,0.6952,,0.501,15.0,0.4621,8.0,0.6084,,,,0.5337,
2025-03-05,0.6671,76.0,0.576,62.0,0.7569,,,,0.8284,,0.4992,15.0,0.4599,8.0,0.5633,,,,0.529,
2025-03-04,0.6502,74.0,0.5976,65.0,1.0964,,,,0.7264,,0.4978,14.0,0.4594,8.0,0.5107,,,,0.5473,
2025-03-03,0.6716,76.0,0.6225,69.0,0.89,,,,0.566,,0.5061,17.0,0.4636,9.0,0.5498,,,,0.526,
2025-02-28,0.6384,73.0,0.6219,68.0,0.577,,,,0.5472,,0.505,16.0,0.4628,8.0,0.5663,,,,0.5862,
2025-02-27,0.6126,68.0,0.6102,67.0,0.8496,,,,0.7242,,0.5087,18.0,0.4673,10.0,0.5764,,,,0.6005,
2025-02-26,0.5692,62.0,0.5919,64.0,0.9203,,,,0.7328,,0.5124,20.0,0.467,10.0,0.5879,,,,0.5122,
2025-02-25,0.574,63.0,0.5431,56.0,0.6362,,,,0.5332,,0.5275,32.0,0.4798,14.0,0.6067,,,,0.5495,
2025-02-24,0.478,44.0,0.4617,35.0,0.872,,,,0.4445,,0.5169,23.0,0.4747,12.0,0.5984,,,,0.5574,
2025-02-21,0.5154,50.0,0.4813,40.0,0.7202,,,,0.5326,,0.5165,22.0,0.4738,12.0,0.564,,,,0.5299,
2025-02-20,0.3855,27.0,0.4352,28.0,0.5328,,,,1.501,,0.5113,19.0,0.471,11.0,0.5375,,,,0.5131,
2025-02-19,0.4597,40.0,0.4366,28.0,0.5968,,,,0.5495,,0.5113,19.0,0.4701,11.0,0.5509,,,,0.562,
2025-02-18,0.6375,72.0,0.4912,43.0,0.5438,,,,0.6138,,0.5116,19.0,0.471,11.0,0.5487,,,,0.5171,
2025-02-14,0.6614,75.0,0.4872,42.0,0.9346,,,,0.4983,,0.5103,19.0,0.4703,11.0,0.5587,,,,0.5451,
2025-02-13,0.7308,81.0,0.5279,52.0,1.0858,,,,0.8789,,0.5171,23.0,0.4721,11.0,0.5326,,,,0.5532,
2025-02-12,0.6824,77.0,0.5496,57.0,1.2117,,,,0.8907,,0.517,23.0,0.4728,11.0,0.532,,,,0.5856,
2025-02-11,0.6039,66.0,0.4992,45.0,0.8441,,,,0.6969,,0.5178,24.0,0.4745,12.0,0.6002,,,,0.5319,
2025-02-10,0.6041,67.0,0.4943,44.0,0.5425,,,,0.6109,,0.5177,24.0,0.476,13.0,0.5779,,,,0.5057,
2025-02-07,0.5985,66.0,0.4639,36.0,0.6944,,,,0.4927,,0.5156,22.0,0.4753,12.0,0.5592,,,,0.5131,
2025-02-06,0.4326,36.0,0.4088,22.0,0.5954,,,,0.712,,0.5056,16.0,0.4757,12.0,0.5882,,,,0.4864,
2025-02-05,0.3487,23.0,0.3916,19.0,0.4999,,,,0.6369,,0.5142,21.0,0.4796,14.0,0.4832,,,,0.5289,
2025-02-04,0.2527,10.0,0.3249,7.0,0.6799,,,,0.6092,,0.5129,20.0,0.4795,14.0,0.4945,,,,0.5257,
2025-02-03,0.563,61.0,0.4148,23.0,0.5487,,,,0.5543,,0.514,21.0,0.4816,15.0,0.5446,,,,0.5268,
2025-01-31,0.5372,56.0,0.4084,22.0,0.5698,,,,0.4563,,0.5221,28.0,0.486,18.0,0.5658,,,,0.5517,
2025-01-30,0.5165,50.0,0.4122,23.0,0.5902,,,,0.6848,,0.5216,27.0,0.4879,20.0,0.5508,,,,0.5146,
2025-01-29,0.5367,56.0,0.4584,34.0,0.6137,,,,0.5326,,0.5398,40.0,0.4957,27.0,0.4961,,,,0.5154,
2025-01-28,0.5948,65.0,0.4807,39.0,0.484,,,,0.5542,,0.5403,41.0,0.4957,27.0,0.5368,,,,0.5132,
2025-01-27,0.7401,82.0,0.5628,60.0,0.5135,,,,0.6322,,0.5412,42.0,0.4966,28.0,0.506,,,,0.5242,
2025-01-24,0.7363,81.0,0.5829,63.0,0.6587,,,,0.7846,,0.5415,42.0,0.4981,28.0,0.5075,,,,0.6087,
2025-01-23,0.582,63.0,0.5583,59.0,0.6081,,,,0.5673,,0.5298,33.0,0.4935,25.0,0.5495,,,,0.5571,
2025-01-22,0.7869,86.0,0.6239,69.0,0.5287,,,,0.4105,,0.5298,33.0,0.4946,26.0,0.5076,,,,0.5766,
2025-01-21,0.7975,87.0,0.6801,76.0,0.7343,,,,0.5862,,0.5298,33.0,0.4954,26.0,0.4845,,,,0.5336,
2025-01-17,0.9372,93.0,0.6801,76.0,0.7537,,,,0.7967,,0.5273,32.0,0.4943,25.0,0.5099,,,,0.5309,
2025-01-16,0.9431,93.0,0.6872,77.0,0.7424,,,,0.6324,,0.5276,32.0,0.4946,26.0,0.5325,,,,0.6967,
2025-01-15,0.8491,90.0,0.6232,69.0,0.5902,,,,0.8084,,0.5464,46.0,0.4987,30.0,0.493,,,,0.5837,
2025-01-14,0.8508,90.0,0.6098,67.0,0.6888,,,,2.1125,,0.5475,46.0,0.5005,31.0,0.4796,,,,0.6136,
2025-01-13,0.8237,88.0,0.552,57.0,1.4196,,,,1.5453,,0.5454,45.0,0.4984,30.0,0.5499,,,,0.6564,
2025-01-10,0.5638,61.0,0.4956,44.0,0.7193,,,,1.2266,,0.5303,34.0,0.4951,26.0,0.5371,,,,0.5805,
2025-01-08,0.4611,41.0,0.4335,27.0,0.7922,,,,0.567,,0.5286,33.0,0.5047,33.0,0.6267,,,,0.5175,
2025-01-07,0.2443,9.0,0.3974,20.0,0.804,,,,0.5748,,0.525,30.0,0.5054,34.0,0.5572,,,,0.5404,
2025-01-06,0.1504,2.0,0.356,11.0,0.709,,,,0.9482,,0.5297,33.0,0.5088,36.0,0.566,,,,0.5873,
2025-01-03,0.1411,2.0,0.3509,11.0,1.7505,,,,0.7184,,0.5402,41.0,0.5192,43.0,0.5659,,,,0.5719,
2025-01-02,0.42,34.0,0.4018,21.0,0.7194,,,,0.6052,,0.5463,45.0,0.5224,44.0,0.5316,,,,0.5762,
2024-12-31,0.5337,55.0,0.4344,27.0,0.6124,,,,0.6035,,0.5463,45.0,0.5336,47.0,0.5031,,,,0.5682,
2024-12-30,0.5296,53.0,0.4342,27.0,0.7305,,,,0.8162,,0.695,69.0,0.5814,54.0,0.5447,,,,0.6117,
2024-12-27,0.5305,54.0,0.4733,38.0,0.6541,,,,0.6106,,0.7023,71.0,0.5843,55.0,0.5791,,,,0.6337,
2024-12-26,0.5465,57.0,0.4926,43.0,0.648,,,,0.7365,,0.7023,71.0,0.5871,55.0,0.6529,,,,0.594,
2024-12-24,0.5974,65.0,0.5008,45.0,0.7227,,,,0.7175,,0.7024,72.0,0.5876,55.0,0.5908,,,,0.6011,
2024-12-23,0.5968,65.0,0.5087,47.0,0.6161,,,,0.8154,,0.7046,72.0,0.5916,55.0,0.5063,,,,0.6723,
2024-12-20,0.3913,28.0,0.4837,41.0,0.7018,,,,0.5538,,0.6987,71.0,0.592,55.0,0.5919,,,,0.6234,
2024-12-19,0.2961,14.0,0.484,41.0,0.6673,,,,0.6232,,0.6984,70.0,0.5918,55.0,0.5898,,,,0.5984,
2024-12-18,0.2961,14.0,0.4814,40.0,0.731,,,,0.9369,,0.6984,70.0,0.5914,55.0,0.5858,,,,0.5724,
2024-12-17,0.2969,14.0,0.4499,32.0,0.6268,,,,0.6778,,0.7064,73.0,0.5926,55.0,0.586,,,,0.6086,
2024-12-16,0.4265,35.0,0.4636,36.0,0.7502,,,,0.9159,,0.7055,72.0,0.5948,55.0,0.6849,,,,0.5881,
2024-12-13,0.4047,32.0,0.4475,31.0,0.6923,,,,0.5889,,0.7108,74.0,0.5985,56.0,0.5736,,,,0.6087,
2024-12-12,0.394,30.0,0.4414,28.0,0.7324,,,,0.6195,,0.7126,74.0,0.599,56.0,0.6316,,,,0.5945,
2024-12-11,0.4291,36.0,0.4199,25.0,0.6673,,,,0.6816,,0.7127,74.0,0.5982,56.0,0.5741,,,,0.5787,
2024-12-10,0.5009,48.0,0.4115,23.0,0.688,,,,0.7453,,0.7153,75.0,0.6021,56.0,0.5922,,,,0.6406,
2024-12-09,0.5009,48.0,0.4031,21.0,0.7158,,,,0.6456,,0.7166,75.0,0.6023,56.0,0.577,,,,0.5574,
2024-12-06,0.5416,57.0,0.397,20.0,0.7024,,,,0.5557,,0.7169,76.0,0.6019,56.0,0.674,,,,0.5278,
2024-12-05,0.3792,27.0,0.409,22.0,0.6168,,,,1.2515,,0.7113,74.0,0.6002,56.0,0.7023,,,,0.6005,
2024-12-04,0.4603,41.0,0.4617,35.0,1.1876,,,,0.8174,,0.713,75.0,0.6017,56.0,0.5797,,,,0.5881,
2024-12-03,0.4466,38.0,0.4593,35.0,0.6714,,,,0.8277,,0.7124,74.0,0.602,56.0,0.5667,,,,0.5378,
2024-12-02,0.4534,39.0,0.4355,28.0,0.4627,,,,0.9467,,0.712,74.0,0.6018,56.0,0.4875,,,,0.5869,
2024-11-29,0.5286,53.0,0.4656,36.0,0.6491,,,,0.6847,,0.7102,73.0,0.6014,56.0,0.5704,,,,0.4523,
2024-11-27,0.5218,52.0,0.4746,38.0,0.5097,,,,0.8017,,0.7114,74.0,0.6042,57.0,0.4859,,,,0.5922,
2024-11-26,0.5522,59.0,0.465,36.0,0.5228,,,,0.6068,,0.7101,73.0,0.604,57.0,0.4977,,,,0.6614,
2024-11-25,0.5467,57.0,0.4244,25.0,0.9834,,,,0.7968,,0.7096,73.0,0.6038,57.0,0.4895,,,,0.6309,
2024-11-21,0.4715,43.0,0.3766,16.0,0.6385,,,,0.8064,,0.7215,76.0,0.6138,57.0,0.5899,,,,0.8064,
2024-11-20,0.498,47.0,0.4068,22.0,0.6314,,,,0.7307,,0.731,79.0,0.6183,57.0,0.5041,,,,0.6048,
2024-11-19,0.238,8.0,0.3765,16.0,1.1902,,,,0.6409,,0.7275,77.0,0.6199,57.0,0.5966,,,,0.6409,
2024-11-18,0.3255,20.0,0.3951,19.0,0.924,,,,0.5979,,0.7292,78.0,0.622,57.0,0.6165,,,,0.8239,
2024-11-15,0.4618,41.0,0.4423,28.0,0.76,,,,0.579,,0.7295,79.0,0.6226,57.0,0.5611,,,,0.6179,
2024-11-14,0.474,43.0,0.4472,31.0,1.0035,,,,0.4754,,0.7289,78.0,0.6222,57.0,0.6047,,,,0.6029,
2024-11-13,0.4838,45.0,0.4571,34.0,0.7631,,,,0.5695,,0.7292,78.0,0.6225,57.0,0.5991,,,,0.5869,
2024-11-12,0.4881,45.0,0.4565,33.0,0.6912,,,,0.5386,,0.7292,78.0,0.6229,57.0,0.607,,,,0.5386,
2024-11-11,0.4961,47.0,0.4377,28.0,0.6551,,,,0.6455,,0.7295,79.0,0.6239,59.0,0.5632,,,,0.6012,
2024-11-08,0.4908,46.0,0.4195,25.0,0.661,,,,1.0233,,0.7294,79.0,0.6232,57.0,0.5719,,,,0.5884,
2024-11-07,0.4249,35.0,0.3951,19.0,0.7363,,,,0.428,,0.7283,78.0,0.6217,57.0,0.6764,,,,0.5694,
2024-11-06,0.3072,16.0,0.331,7.0,0.577,,,,0.6251,,0.7229,76.0,0.6193,57.0,0.5153,,,,0.5506,
2024-11-05,0.3074,16.0,0.3031,5.0,0.6678,,,,0.5653,,0.7236,77.0,0.6196,57.0,0.6056,,,,0.5508,
2024-11-04,0.273,12.0,0.3419,9.0,0.8314,,,,0.7095,,0.7225,76.0,0.62,57.0,0.5348,,,,0.5633,
2024-11-01,0.2621,11.0,0.3378,9.0,0.7826,,,,0.5864,,0.7285,78.0,0.6236,57.0,0.5258,,,,0.631,
2024-10-31,0.3441,22.0,0.3522,11.0,0.6336,,,,0.609,,0.7282,77.0,0.6237,57.0,0.5149,,,,0.5716,
2024-10-30,0.3396,22.0,0.355,11.0,0.5968,,,,0.6199,,0.7285,78.0,0.6232,57.0,0.5604,,,,0.5628,
2024-10-29,0.3973,30.0,0.3568,12.0,0.5279,,,,0.6889,,0.7286,78.0,0.6239,59.0,0.4926,,,,0.6278,
2024-10-28,0.3801,27.0,0.3653,13.0,0.5937,,,,0.5611,,0.7275,77.0,0.6257,59.0,0.5681,,,,0.5865,
2024-10-25,0.3832,27.0,0.4065,21.0,0.7466,,,,0.6878,,0.7292,78.0,0.6287,59.0,0.5149,,,,0.6098,
2024-10-24,0.4538,40.0,0.4464,31.0,0.9287,,,,0.5617,,0.7287,78.0,0.628,59.0,0.6007,,,,0.5777,
2024-10-23,0.5181,50.0,0.4782,38.0,0.6671,,,,0.8113,,0.7327,79.0,0.6319,59.0,0.6196,,,,0.8113,
2024-10-22,0.6479,74.0,0.5269,52.0,0.6287,,,,0.5238,,0.7333,79.0,0.6323,59.0,0.5741,,,,0.5708,
2024-10-21,0.6477,73.0,0.5197,50.0,1.2402,,,,0.5009,,0.7333,79.0,0.6344,60.0,0.5392,,,,0.5247,
2024-10-18,0.6138,68.0,0.5201,50.0,1.13,,,,1.0829,,0.739,80.0,0.638,60.0,0.5569,,,,0.5762,
2024-10-17,0.5511,59.0,0.505,46.0,0.7148,,,,0.9005,,0.7398,80.0,0.6397,61.0,0.5279,,,,0.6243,
2024-10-16,0.5573,60.0,0.4753,38.0,0.8219,,,,1.6528,,0.7398,80.0,0.6401,61.0,0.8219,,,,0.6919,
2024-10-15,0.5308,54.0,0.4008,20.0,0.8138,,,,0.6916,,0.7441,82.0,0.6411,61.0,0.6664,,,,0.6293,
2024-10-14,0.4099,33.0,0.3702,14.0,0.9234,,,,0.8805,,0.7422,81.0,0.6417,61.0,0.5305,,,,0.7021,
2024-10-11,0.2282,7.0,0.2862,4.0,0.6384,,,,0.9835,,0.74,81.0,0.6463,61.0,0.6384,,,,0.8096,
2024-10-10,0.2313,7.0,0.3255,7.0,1.2236,,,,0.7933,,0.7642,87.0,0.6607,62.0,0.6343,,,,0.7933,
2024-10-09,0.4023,31.0,0.3545,11.0,1.0785,,,,0.691,,0.7639,86.0,0.663,62.0,0.9453,,,,0.7407,
2024-10-08,0.4513,39.0,0.3713,14.0,1.2835,,,,1.0486,,0.7639,86.0,0.6632,62.0,0.7109,,,,0.7254,
2024-10-07,0.5801,63.0,0.3928,19.0,1.9418,,,,1.2578,,0.7656,87.0,0.6655,63.0,0.7234,,,,0.6189,
2024-10-04,0.5688,62.0,0.3945,19.0,1.3834,,,,1.1956,,0.767,88.0,0.6667,63.0,0.6682,,,,0.8213,
2024-10-03,0.5697,62.0,0.3977,20.0,1.6995,,,,1.2311,,0.7714,90.0,0.6704,64.0,0.7283,,,,0.7288,
2024-10-02,0.5698,62.0,0.3881,18.0,1.224,,,,0.9131,,0.7712,89.0,0.6713,65.0,0.7305,,,,0.8263,
2024-10-01,0.5696,62.0,0.3577,12.0,1.1486,,,,0.8095,,0.7714,90.0,0.6709,64.0,0.7679,,,,0.6609,
2024-09-30,0.4084,32.0,0.3133,6.0,0.861,,,,1.2404,,0.7666,87.0,0.6699,64.0,0.5855,,,,0.7481,
2024-09-27,0.3745,26.0,0.3267,7.0,0.8619,,,,0.9852,,0.7713,90.0,0.6729,66.0,0.6337,,,,0.7313,
2024-09-26,0.304,15.0,0.3749,15.0,1.0593,,,,0.7558,,0.7684,88.0,0.6727,66.0,0.754,,,,0.748,
2024-09-25,0.3878,28.0,0.411,23.0,1.5227,,,,1.3232,,0.7681,88.0,0.6737,66.0,0.7916,,,,0.6773,
2024-09-24,0.4189,34.0,0.4154,24.0,0.9537,,,,1.5892,,0.7723,90.0,0.6763,66.0,0.6736,,,,0.6449,
2024-09-23,0.4141,33.0,0.4151,24.0,1.3541,,,,0.8577,,0.7733,90.0,0.6773,67.0,0.6566,,,,0.6989,
2024-09-20,0.449,39.0,0.435,28.0,1.287,,,,0.9162,,0.7737,90.0,0.679,68.0,0.7574,,,,0.8196,
2024-09-19,0.4454,38.0,0.4583,34.0,2.8786,,,,1.3616,,0.7737,90.0,0.6795,68.0,0.8251,,,,0.6443,
2024-09-18,0.4462,38.0,0.4467,31.0,1.2259,,,,0.9286,,0.7737,90.0,0.6834,69.0,0.8067,,,,0.7142,
2024-09-17,0.1604,2.0,0.433,27.0,1.4633,,,,1.1604,,0.7703,89.0,0.6836,69.0,0.7349,,,,0.7803,
2024-09-16,0.3305,20.0,0.4525,33.0,1.8169,,,,1.6008,,0.7696,89.0,0.6843,69.0,0.7173,,,,0.7587,
2024-09-13,0.3195,19.0,0.4445,30.0,1.8767,,,,1.3374,,0.7691,88.0,0.6836,69.0,0.7325,,,,0.7304,
2024-09-12,0.3239,19.0,0.4494,32.0,0.8359,,,,1.073,,0.7695,88.0,0.6838,69.0,0.6605,,,,0.7288,
2024-09-11,0.538,56.0,0.5224,50.0,1.349,,,,1.3151,,0.7727,90.0,0.6851,69.0,0.6796,,,,0.7864,
2024-09-10,0.5249,52.0,0.5157,49.0,1.5353,,,,1.4402,,0.7725,90.0,0.6864,70.0,0.7353,,,,0.8105,
2024-09-09,0.561,60.0,0.5883,64.0,1.2498,,,,0.9064,,0.7754,91.0,0.6874,70.0,0.7299,,,,0.771,
2024-09-06,0.5365,56.0,0.5848,63.0,1.7238,,,,1.4714,,0.7758,91.0,0.688,70.0,0.7651,,,,0.7491,
2024-09-05,0.9056,92.0,0.7624,84.0,1.0009,,,,0.8542,,0.7775,92.0,0.6877,70.0,0.7252,,,,0.7262,
2024-09-04,0.8941,92.0,0.7592,84.0,1.133,,,,0.9885,,0.7775,92.0,0.6892,70.0,0.8642,,,,0.779,
2024-09-03,0.8917,92.0,0.7716,85.0,1.6386,,,,1.5631,,0.778,92.0,0.6896,71.0,0.8242,,,,0.7059,
2024-08-30,0.7778,85.0,0.7144,80.0,1.2673,,,,0.8918,,0.7769,92.0,0.6891,70.0,0.7294,,,,0.7297,
2024-08-29,0.7737,84.0,0.7127,80.0,1.3305,,,,0.9108,,0.7827,93.0,0.691,71.0,0.797,,,,0.6553,
2024-08-28,0.7149,79.0,0.659,74.0,0.8951,,,,1.0585,,0.7793,92.0,0.6911,71.0,0.7712,,,,0.6999,
2024-08-27,0.6382,72.0,0.6364,71.0,0.7655,,,,1.3992,,0.7766,91.0,0.6899,71.0,0.6701,,,,0.7886,
2024-08-26,0.4193,34.0,0.4057,21.0,0.893,,,,0.8011,,0.7649,87.0,0.6776,67.0,0.7963,,,,0.8557,
2024-08-23,0.4569,40.0,0.4262,26.0,1.1072,,,,0.8541,,0.7653,87.0,0.6778,67.0,0.7423,,,,0.7505,
2024-08-22,0.5397,56.0,0.4942,44.0,0.9488,,,,1.0846,,0.7677,88.0,0.6773,67.0,0.7256,,,,0.7928,
2024-08-21,0.5424,57.0,0.5219,50.0,0.8225,,,,1.1189,,0.77,89.0,0.6807,69.0,0.7386,,,,0.7469,
2024-08-20,0.5422,57.0,0.5266,52.0,0.7783,,,,0.8389,,0.77,89.0,0.6799,68.0,0.7605,,,,0.7723,
2024-08-19,0.5208,51.0,0.5652,60.0,0.8825,,,,0.9135,,0.7695,88.0,0.6792,68.0,0.7365,,,,0.7527,
2024-08-16,0.6408,73.0,0.6276,69.0,0.7156,,,,0.9105,,0.7694,88.0,0.6789,68.0,0.6511,,,,0.8317,
2024-08-15,0.6569,74.0,0.6359,71.0,2.2659,,,,1.117,,0.7653,87.0,0.6765,66.0,0.7514,,,,0.8082,
2024-08-14,0.6423,73.0,0.6721,76.0,2.0826,,,,0.9201,,0.7635,86.0,0.6757,66.0,0.7709,,,,0.7791,
2024-08-13,0.7377,82.0,0.6662,75.0,2.1883,,,,0.9928,,0.7616,86.0,0.6723,65.0,0.763,,,,0.7974,
2024-08-12,0.7355,81.0,0.6689,75.0,1.8786,,,,1.4302,,0.7614,86.0,0.6708,64.0,0.7509,,,,0.7598,
2024-08-09,0.9549,93.0,0.752,83.0,1.2579,,,,1.197,,0.7618,86.0,0.6723,65.0,0.7816,,,,0.7969,
2024-08-08,0.9528,93.0,0.716,80.0,2.058,,,,1.2145,,0.7639,86.0,0.6729,66.0,0.7198,,,,0.8601,
2024-08-07,0.7231,80.0,0.6697,75.0,1.7722,,,,1.0029,,0.7567,85.0,0.6694,64.0,0.856,,,,0.761,
2024-08-06,0.7218,80.0,0.654,73.0,1.8188,,,,1.0183,,0.7553,85.0,0.6669,63.0,0.7422,,,,0.7976,
2024-08-05,0.6978,78.0,0.6146,67.0,1.5452,,,,0.9051,,0.7615,86.0,0.6739,66.0,0.7897,,,,0.7825,
2024-08-02,0.6331,71.0,0.5634,60.0,1.6071,,,,0.96,,0.7549,85.0,0.6709,64.0,0.6817,,,,0.8085,
2024-08-01,0.6264,69.0,0.5482,57.0,0.9037,,,,1.0488,,0.7668,88.0,0.6754,66.0,0.8539,,,,0.8769,
2024-07-31,0.3288,20.0,0.432,27.0,0.9188,,,,1.166,,0.7547,85.0,0.6702,64.0,0.7155,,,,0.7854,
2024-07-30,0.3664,25.0,0.4595,35.0,1.089,,,,0.8161,,0.7546,84.0,0.6701,64.0,0.7783,,,,0.7643,
2024-07-29,0.8022,87.0,0.5942,64.0,0.9132,,,,1.0885,,0.7538,84.0,0.6693,64.0,0.7362,,,,0.8055,
2024-07-26,0.826,89.0,0.618,68.0,0.788,,,,1.0882,,0.7528,84.0,0.6673,63.0,0.7229,,,,0.7638,
2024-07-25,0.8107,87.0,0.6309,70.0,0.8869,,,,0.809,,0.7524,83.0,0.6673,63.0,0.7671,,,,0.7703,
2024-07-24,0.8288,89.0,0.6302,70.0,0.8323,,,,0.8238,,0.7523,83.0,0.6664,63.0,0.7566,,,,0.7662,
2024-07-23,0.8479,90.0,0.7929,86.0,0.9019,,,,0.831,,0.7524,83.0,0.6654,63.0,0.7336,,,,0.7785,
2024-07-22,0.909,92.0,0.8112,87.0,0.8219,,,,0.9038,,0.7519,83.0,0.6647,63.0,0.704,,,,0.7837,
2024-07-19,0.9677,94.0,0.8511,89.0,1.2304,,,,0.8158,,0.7526,83.0,0.6642,62.0,0.7439,,,,0.7414,
2024-07-18,0.7832,85.0,0.8707,90.0,1.2902,,,,1.8483,,0.7345,80.0,0.6579,62.0,0.6767,,,,0.7863,
2024-07-17,0.8373,89.0,0.8765,91.0,1.3164,,,,2.1956,,0.7338,80.0,0.6549,62.0,0.8496,,,,0.7423,
2024-07-16,0.8245,88.0,0.9731,95.0,1.3258,,,,1.5815,,0.7329,79.0,0.6539,62.0,0.998,,,,0.801,
2024-07-15,1.9456,100.0,1.3751,100.0,1.1914,,,,1.6606,,0.7326,79.0,0.6536,61.0,0.8533,,,,0.643,
2024-07-12,2.0167,100.0,1.3124,99.0,1.2497,,,,0.9466,,0.7306,79.0,0.6429,61.0,0.7944,,,,0.8188,
2024-07-11,2.025,100.0,1.3191,100.0,1.11,,,,1.4963,,0.7279,77.0,0.6415,61.0,0.958,,,,0.6933,
2024-07-10,2.0369,100.0,1.2873,99.0,1.6263,,,,1.0865,,0.7245,77.0,0.6374,60.0,0.7861,,,,0.7304,
2024-07-09,1.9004,100.0,1.2439,99.0,0.98,,,,1.3658,,0.7155,75.0,0.6338,60.0,0.8461,,,,0.7217,
2024-07-08,1.9405,100.0,1.2395,99.0,1.8738,,,,1.3371,,0.7154,75.0,0.6328,60.0,0.8811,,,,0.724,
2024-07-05,1.9128,100.0,1.1615,98.0,1.2684,,,,1.2264,,0.716,75.0,0.6236,57.0,0.7185,,,,0.6047,
2024-07-03,0.6188,69.0,0.6294,70.0,1.0363,,,,0.5609,,0.5763,54.0,0.5804,54.0,0.7587,,,,0.5609,
2024-07-02,0.5414,57.0,0.631,70.0,0.7172,,,,0.9086,,0.5681,52.0,0.5779,54.0,0.7172,,,,0.607,
2024-07-01,0.578,63.0,0.6353,70.0,0.8041,,,,0.8972,,0.574,54.0,0.5767,54.0,0.6253,,,,0.6279,
2024-06-28,0.7656,84.0,0.6935,78.0,0.7582,,,,0.6892,,0.5906,54.0,0.5817,55.0,0.7582,,,,0.6467,
2024-06-27,0.767,84.0,0.6447,72.0,0.8908,,,,0.7157,,0.5883,54.0,0.5778,54.0,0.661,,,,0.7157,
2024-06-26,0.7558,83.0,0.6039,66.0,0.5979,,,,0.8032,,0.5872,54.0,0.5743,53.0,0.6449,,,,0.6518,
2024-06-25,0.7379,82.0,0.672,76.0,1.0977,,,,0.6906,,0.5846,54.0,0.5731,53.0,1.0913,,,,0.6906,
2024-06-24,0.7379,82.0,0.6811,77.0,0.9133,,,,0.7363,,0.5846,54.0,0.5724,53.0,0.5554,,,,0.7363,
2024-06-21,0.387,28.0,0.6307,70.0,0.881,,,,0.8394,,0.5753,54.0,0.5686,53.0,1.0444,,,,0.6527,
2024-06-20,0.3993,31.0,0.5739,62.0,0.8909,,,,0.5168,,0.575,54.0,0.5648,53.0,0.664,,,,0.5786,
2024-06-18,0.2938,14.0,0.518,49.0,1.3299,,,,0.5631,,0.5672,51.0,0.5602,53.0,0.7553,,,,0.5631,
2024-06-17,0.3202,19.0,0.5081,47.0,1.0822,,,,0.6597,,0.5644,50.0,0.5593,53.0,0.7021,,,,0.6164,
2024-06-14,0.2798,13.0,0.5025,46.0,1.1249,,,,0.8341,,0.5644,50.0,0.5581,53.0,0.6708,,,,0.5766,
2024-06-13,0.2462,9.0,0.3951,19.0,1.7283,,,,0.5915,,0.5619,49.0,0.5527,52.0,0.6688,,,,0.5851,
2024-06-12,0.3109,17.0,0.4498,32.0,1.6146,,,,0.6608,,0.5616,49.0,0.5522,52.0,0.6447,,,,0.6089,
2024-06-11,0.3061,16.0,0.45,32.0,1.0742,,,,0.6491,,0.5612,49.0,0.5525,52.0,0.5456,,,,0.6118,
2024-06-10,0.3153,18.0,0.4941,44.0,1.036,,,,0.6406,,0.5614,49.0,0.5535,52.0,0.6118,,,,0.5805,
2024-06-07,0.1783,3.0,0.4869,41.0,0.6562,,,,0.6226,,0.5638,50.0,0.555,52.0,0.5948,,,,0.5601,
2024-06-06,0.7104,79.0,0.6818,77.0,0.9745,,,,0.6391,,0.5678,51.0,0.556,52.0,0.5806,,,,0.5939,
2024-06-05,0.8905,91.0,0.7383,82.0,1.0664,,,,0.6216,,0.5699,53.0,0.5555,52.0,0.5797,,,,0.5757,
2024-06-04,0.922,92.0,0.7846,86.0,0.8862,,,,0.6783,,0.5703,53.0,0.5549,52.0,0.5552,,,,0.674,
2024-06-03,0.9217,92.0,0.7814,86.0,0.999,,,,1.2554,,0.5698,52.0,0.5515,52.0,0.5757,,,,0.6633,
2024-05-31,0.9374,93.0,0.7887,86.0,0.7998,,,,0.6193,,0.5706,53.0,0.5509,51.0,0.6069,,,,0.587,
2024-05-30,0.9222,92.0,0.7612,84.0,0.9675,,,,0.6198,,0.5708,53.0,0.5484,51.0,0.5936,,,,0.5958,
2024-05-29,0.9397,93.0,0.7522,83.0,0.8851,,,,0.9342,,0.571,53.0,0.5474,50.0,0.5732,,,,0.6942,
2024-05-28,0.6677,76.0,0.5854,63.0,0.9334,,,,1.1862,,0.5501,47.0,0.536,48.0,0.6214,,,,0.5981,
2024-05-24,0.4082,32.0,0.5385,55.0,1.0119,,,,1.2073,,0.5395,40.0,0.5315,46.0,0.6078,,,,0.557,
2024-05-23,0.3832,27.0,0.4629,35.0,0.8458,,,,0.5201,,0.5366,37.0,0.5308,46.0,0.5756,,,,0.5661,
2024-05-22,0.3232,19.0,0.3892,18.0,0.6902,,,,0.5216,,0.5337,35.0,0.5286,45.0,0.5665,,,,0.5584,
2024-05-21,0.3056,16.0,0.348,10.0,0.9035,,,,0.6641,,0.5347,36.0,0.5306,45.0,0.5632,,,,0.5507,
2024-05-20,0.3295,20.0,0.377,16.0,0.5347,,,,0.6525,,0.5354,36.0,0.5308,46.0,0.536,,,,0.6052,
2024-05-17,0.287,13.0,0.3929,19.0,0.9372,,,,0.7348,,0.5359,37.0,0.5313,46.0,0.6598,,,,0.6492,
2024-05-16,0.458,40.0,0.4729,37.0,1.8347,,,,0.8246,,0.5356,36.0,0.5308,46.0,0.6489,,,,0.5897,
2024-05-15,0.4464,38.0,0.4316,26.0,1.1247,,,,0.8451,,0.5329,35.0,0.5294,45.0,0.5674,,,,0.6133,
2024-05-14,0.462,41.0,0.4206,25.0,0.8381,,,,0.7529,,0.536,37.0,0.5308,46.0,0.6288,,,,0.5982,
2024-05-13,0.4497,39.0,0.4514,33.0,1.2257,,,,0.6872,,0.538,38.0,0.5337,47.0,0.6589,,,,0.6597,
2024-05-10,0.4073,32.0,0.5011,45.0,1.3999,,,,0.4818,,0.5382,38.0,0.5347,47.0,0.6571,,,,0.5989,
2024-05-09,0.4997,48.0,0.5414,56.0,1.036,,,,0.6118,,0.5371,37.0,0.5343,47.0,0.6192,,,,0.6426,
2024-05-08,0.5195,51.0,0.5424,56.0,1.0622,,,,0.8438,,0.5375,38.0,0.5343,47.0,0.6183,,,,0.5394,
2024-05-07,0.4842,45.0,0.5451,57.0,1.0154,,,,1.0266,,0.5277,32.0,0.5312,46.0,0.5862,,,,0.5768,
2024-05-06,0.509,49.0,0.5615,60.0,0.8234,,,,0.9349,,0.5279,32.0,0.5335,47.0,0.5562,,,,0.6215,
2024-05-03,0.5093,49.0,0.6131,67.0,0.7066,,,,0.8311,,0.5315,34.0,0.5355,48.0,0.5843,,,,0.5603,
2024-05-02,0.6031,66.0,0.665,75.0,0.9156,,,,0.8777,,0.5314,34.0,0.5352,48.0,0.6164,,,,0.6108,
2024-05-01,0.5318,54.0,0.6689,75.0,1.0335,,,,0.62,,0.5427,43.0,0.5354,48.0,0.6016,,,,0.5836,
2024-04-30,0.5567,60.0,0.6487,73.0,0.8121,,,,0.7248,,0.5483,46.0,0.5334,47.0,0.5516,,,,0.6174,
2024-04-29,0.7567,83.0,0.7022,79.0,0.8879,,,,0.8799,,0.5473,46.0,0.5329,46.0,0.5525,,,,0.5894,
2024-04-26,0.752,83.0,0.6708,76.0,0.9063,,,,0.7388,,0.5476,46.0,0.5303,45.0,0.5806,,,,0.5099,
2024-04-25,0.7871,86.0,0.7714,85.0,0.867,,,,0.878,,0.5466,46.0,0.529,45.0,0.5732,,,,0.5925,
2024-04-24,1.1478,96.0,0.9343,93.0,0.9523,,,,0.7057,,0.5486,47.0,0.5289,45.0,0.545,,,,0.5928,
2024-04-23,1.0793,95.0,0.9204,93.0,0.9961,,,,0.7166,,0.5413,42.0,0.5243,44.0,0.6204,,,,0.6273,
2024-04-22,1.0504,95.0,0.8937,92.0,0.8756,,,,0.773,,0.541,41.0,0.5225,44.0,0.5733,,,,0.6057,
2024-04-19,1.0742,95.0,0.9029,92.0,0.933,,,,0.7933,,0.5457,45.0,0.5212,44.0,0.6194,,,,0.6015,
2024-04-18,0.9845,94.0,0.869,90.0,0.6982,,,,0.8215,,0.5342,36.0,0.5171,41.0,0.571,,,,0.5529,
2024-04-17,0.9879,94.0,0.8974,92.0,0.877,,,,0.7769,,0.5358,36.0,0.5195,43.0,0.6113,,,,0.5965,
2024-04-16,0.8966,92.0,0.816,88.0,0.7837,,,,1.0546,,0.5313,34.0,0.5115,37.0,0.544,,,,0.5739,
2024-04-15,0.5213,51.0,0.5883,64.0,0.74,,,,1.2468,,0.5064,17.0,0.4963,27.0,0.5731,,,,0.5756,
2024-04-12,0.5284,53.0,0.5375,55.0,0.704,,,,1.1881,,0.5068,17.0,0.4926,24.0,0.535,,,,0.6132,
2024-04-11,0.6284,70.0,0.605,66.0,0.6838,,,,0.7387,,0.5068,17.0,0.4923,24.0,0.5249,,,,0.5796,
2024-04-10,0.6348,72.0,0.5703,61.0,0.6151,,,,0.7667,,0.5056,16.0,0.4903,22.0,0.5019,,,,0.5672,
2024-04-09,0.545,57.0,0.5659,61.0,0.6853,,,,1.0124,,0.5052,16.0,0.4904,22.0,0.501,,,,0.5263,
2024-04-08,0.6041,67.0,0.5464,57.0,0.8184,,,,0.6816,,0.5007,15.0,0.4865,19.0,0.5263,,,,0.5367,
2024-04-05,0.6289,70.0,0.5408,55.0,0.6261,,,,0.5383,,0.5014,15.0,0.4877,20.0,0.3968,,,,0.3994,
2024-04-04,0.6318,71.0,0.5666,61.0,0.5189,,,,0.719,,0.5014,15.0,0.4898,21.0,0.543,,,,0.5413,
2024-04-03,0.6009,66.0,0.5726,62.0,0.4328,,,,0.5343,,0.505,16.0,0.4921,24.0,0.7305,,,,0.5713,
2024-04-02,0.3162,18.0,0.5991,65.0,1.2246,,,,0.654,,0.4991,15.0,0.4882,20.0,0.5051,,,,0.5646,
2024-04-01,0.3966,30.0,0.6336,70.0,1.3696,,,,0.4996,,0.503,16.0,0.4874,19.0,0.548,,,,0.5417,
2024-03-28,0.3955,30.0,0.6513,73.0,0.9998,,,,0.5432,,0.503,16.0,0.4859,18.0,0.5687,,,,0.5024,
2024-03-27,0.2529,10.0,0.5893,64.0,0.6142,,,,0.7176,,0.4967,14.0,0.4828,16.0,0.5353,,,,0.5009,
2024-03-26,0.209,5.0,0.5754,62.0,0.6269,,,,0.6021,,0.5469,46.0,0.5167,41.0,0.5118,,,,0.6098,
2024-03-25,0.4041,32.0,0.5808,63.0,0.5998,,,,0.5611,,0.5485,47.0,0.5152,40.0,0.5246,,,,0.49,
2024-03-22,0.4017,31.0,0.6142,67.0,0.5595,,,,0.5755,,0.5492,47.0,0.5172,42.0,0.6024,,,,0.529,
2024-03-21,0.5128,49.0,0.5448,56.0,0.6409,,,,0.3911,,0.5548,48.0,0.515,40.0,0.4785,,,,0.5232,
2024-03-20,0.5045,48.0,0.5432,56.0,1.0975,,,,1.4308,,0.555,48.0,0.5142,39.0,0.5429,,,,0.5093,
2024-03-19,0.5713,62.0,0.5372,55.0,0.6899,,,,0.7324,,0.5548,48.0,0.5153,40.0,0.5395,,,,0.5293,
2024-03-18,0.585,64.0,0.5788,63.0,0.7229,,,,0.4777,,0.5572,48.0,0.5173,42.0,0.5692,,,,0.5181,
2024-03-15,0.6096,68.0,0.5857,63.0,0.8981,,,,0.8301,,0.5614,49.0,0.5191,43.0,0.5001,,,,0.5467,
2024-03-14,0.6759,76.0,0.6094,66.0,0.8303,,,,0.4917,,0.5585,48.0,0.5171,41.0,0.5417,,,,0.3967,
2024-03-13,0.7975,87.0,0.6149,67.0,2.8663,,,,0.6113,,0.5584,48.0,0.5162,41.0,0.5363,,,,0.5122,
2024-03-12,0.7045,78.0,0.6609,74.0,1.3588,,,,0.9009,,0.5572,48.0,0.518,43.0,0.4923,,,,0.5331,
2024-03-11,0.6966,78.0,0.6231,69.0,0.4349,,,,0.6509,,0.5705,53.0,0.527,45.0,0.4448,,,,0.5966,
2024-03-08,0.5302,54.0,0.58,63.0,0.4928,,,,0.4966,,0.5649,50.0,0.5246,44.0,0.5039,,,,0.657,
2024-03-07,0.5973,65.0,0.5479,57.0,0.5992,,,,0.6702,,0.5713,53.0,0.526,44.0,0.5415,,,,0.5417,
2024-03-06,0.6191,69.0,0.5434,56.0,0.8927,,,,0.6446,,0.5747,54.0,0.5276,45.0,0.4824,,,,0.547,
2024-03-05,0.5443,57.0,0.5522,57.0,0.523,,,,0.7112,,0.5678,51.0,0.5242,44.0,0.4428,,,,0.5601,
2024-03-04,0.4263,35.0,0.4883,42.0,0.5209,,,,0.7429,,0.5664,50.0,0.5222,44.0,0.5088,,,,0.4958,
2024-03-01,0.4308,36.0,0.3817,17.0,0.5343,,,,0.5171,,0.5675,51.0,0.5176,42.0,0.7121,,,,0.5199,
2024-02-29,0.3845,27.0,0.3705,14.0,0.5964,,,,0.5396,,0.5671,51.0,0.517,41.0,0.5263,,,,0.5088,
2024-02-28,0.3868,28.0,0.3725,15.0,0.583,,,,0.6011,,0.5676,51.0,0.517,41.0,0.4673,,,,0.5161,
2024-02-27,0.3233,19.0,0.3608,13.0,0.5296,,,,0.5649,,0.5669,51.0,0.5166,41.0,0.484,,,,0.5378,
2024-02-26,0.2564,10.0,0.3532,11.0,0.5744,,,,0.4529,,0.5664,50.0,0.5174,42.0,0.6624,,,,0.4853,
2024-02-23,0.1508,2.0,0.1914,1.0,0.7591,,,,0.5744,,0.5635,49.0,0.5131,38.0,0.5743,,,,0.4859,
2024-02-22,0.1731,3.0,0.3057,5.0,1.0153,,,,0.6879,,0.5634,49.0,0.5133,38.0,0.5214,,,,0.4674,
2024-02-21,0.2697,11.0,0.4091,22.0,0.9444,,,,0.6431,,0.5637,49.0,0.5136,38.0,0.4428,,,,0.4619,
2024-02-20,0.3442,22.0,0.4088,22.0,0.7209,,,,0.5421,,0.5646,50.0,0.5155,40.0,0.5777,,,,0.5247,
2024-02-16,0.3506,23.0,0.4171,24.0,0.6777,,,,1.2129,,0.5647,50.0,0.5154,40.0,0.5339,,,,0.5125,
2024-02-15,0.5135,50.0,0.6402,72.0,0.6021,,,,1.1979,,0.5682,52.0,0.5165,41.0,0.5906,,,,0.4963,
2024-02-14,0.5244,52.0,0.6419,72.0,0.6879,,,,0.7125,,0.5683,52.0,0.5167,41.0,0.5927,,,,0.5105,
2024-02-13,0.8414,89.0,0.7457,82.0,0.6299,,,,0.9,,0.5692,52.0,0.5167,41.0,0.5482,,,,0.5565,
2024-02-12,0.8523,90.0,0.7193,81.0,0.6398,,,,0.5876,,0.5692,52.0,0.5174,42.0,0.4946,,,,0.5942,
2024-02-09,0.7823,85.0,0.6693,75.0,0.8549,,,,0.5493,,0.566,50.0,0.5153,40.0,0.553,,,,0.6094,
2024-02-08,0.7793,85.0,0.6675,75.0,0.7265,,,,0.5213,,0.5652,50.0,0.5154,40.0,0.4992,,,,0.499,
2024-02-07,0.7791,85.0,0.6612,74.0,0.8115,,,,0.5591,,0.5653,50.0,0.5154,40.0,0.4876,,,,0.534,
2024-02-06,0.5381,56.0,0.4685,37.0,0.7086,,,,0.5036,,0.5554,48.0,0.5048,34.0,0.5173,,,,0.5175,
2024-02-05,0.5276,53.0,0.4597,35.0,0.5992,,,,0.5526,,0.5557,48.0,0.5085,36.0,0.5858,,,,0.5446,
2024-02-02,0.1666,2.0,0.2527,2.0,0.7091,,,,0.6977,,0.5396,40.0,0.5032,33.0,0.5157,,,,0.5329,
2024-02-01,0.0853,1.0,0.2361,1.0,0.6139,,,,0.5479,,0.5378,38.0,0.5025,32.0,0.5261,,,,0.5192,
2024-01-31,0.1951,4.0,0.2643,3.0,0.6031,,,,0.5196,,0.5401,41.0,0.5049,34.0,0.5817,,,,0.5174,
2024-01-30,0.3329,21.0,0.2926,4.0,0.6952,,,,0.4685,,0.5417,42.0,0.5048,34.0,0.5982,,,,0.5229,
2024-01-29,0.3329,21.0,0.3053,5.0,0.4408,,,,0.5716,,0.5417,42.0,0.5053,34.0,0.5553,,,,0.5205,
2024-01-26,0.3313,20.0,0.2933,4.0,0.6325,,,,0.4675,,0.5423,43.0,0.5057,34.0,0.5638,,,,0.5171,
2024-01-25,0.3325,20.0,0.3126,6.0,0.6297,,,,0.6031,,0.5422,43.0,0.5058,35.0,0.5641,,,,0.5543,
2024-01-24,0.3402,22.0,0.3256,7.0,0.3884,,,,0.5067,,0.542,42.0,0.5061,35.0,0.5438,,,,0.5964,
2024-01-23,0.3546,23.0,0.3489,10.0,0.5421,,,,0.4577,,0.542,42.0,0.5057,34.0,0.5775,,,,0.5807,
2024-01-22,0.2777,12.0,0.3291,7.0,0.6311,,,,0.5006,,0.5398,40.0,0.5045,33.0,0.6468,,,,0.5735,
2024-01-19,0.2153,6.0,0.4543,33.0,0.6637,,,,0.4326,,0.5383,38.0,0.5044,33.0,0.5725,,,,0.4962,
2024-01-18,0.357,24.0,0.5133,48.0,0.5674,,,,0.5775,,0.5411,42.0,0.5061,35.0,0.4712,,,,0.5146,
2024-01-17,0.3632,24.0,0.5114,48.0,0.6697,,,,0.6592,,0.5411,42.0,0.5058,35.0,0.4753,,,,0.4779,
2024-01-16,0.4223,35.0,0.5374,55.0,0.7625,,,,0.4621,,0.5411,42.0,0.5052,34.0,0.4997,,,,0.4914,
2024-01-12,0.4714,43.0,0.5631,60.0,0.6143,,,,0.5039,,0.5424,43.0,0.5058,35.0,0.6143,,,,0.4411,
2024-01-11,0.5317,54.0,0.5832,63.0,0.4967,,,,0.6492,,0.543,44.0,0.506,35.0,0.4967,,,,0.4404,
2024-01-10,0.7284,80.0,0.6737,76.0,0.4224,,,,0.5254,,0.542,42.0,0.5058,35.0,0.4886,,,,0.4533,
2024-01-09,0.7458,82.0,0.5878,64.0,0.6594,,,,0.3888,,0.5427,43.0,0.4993,30.0,0.4549,,,,0.5066,
2024-01-08,0.737,82.0,0.5342,54.0,0.5213,,,,0.3467,,0.539,39.0,0.4959,27.0,0.5516,,,,0.5099,
2024-01-05,0.7433,82.0,0.5261,52.0,0.6602,,,,0.8116,,0.541,41.0,0.4972,28.0,0.4155,,,,0.5247,
2024-01-04,0.7119,79.0,0.4835,40.0,0.681,,,,0.6072,,0.5418,42.0,0.4956,27.0,0.4991,,,,0.4302,
2024-01-03,0.6831,77.0,0.4583,34.0,0.5445,,,,0.5375,,0.5408,41.0,0.4954,26.0,0.5126,,,,0.5567,
2024-01-02,0.6335,72.0,0.4047,21.0,0.5222,,,,0.7233,,0.534,35.0,0.4929,24.0,0.5222,,,,0.5745,
2023-12-29,0.118,1.0,0.2146,1.0,0.5142,,,,0.6801,,0.5147,21.0,0.4859,18.0,0.5142,,,,0.541,
2023-12-27,0.1466,2.0,0.2023,1.0,0.5314,,,,0.6567,,0.5166,23.0,0.4881,20.0,0.5314,,,,0.5689,
2023-12-26,0.1789,3.0,0.2157,1.0,0.6727,,,,0.765,,0.5224,28.0,0.4904,22.0,0.524,,,,0.5491,
2023-12-22,0.3003,15.0,0.2478,2.0,0.4621,,,,0.5468,,0.5226,28.0,0.4905,22.0,0.4621,,,,0.5775,
2023-12-21,0.3155,18.0,0.2795,4.0,0.5449,,,,0.7261,,0.5227,28.0,0.4901,22.0,0.5449,,,,0.5729,
2023-12-20,0.324,19.0,0.3247,6.0,0.5157,,,,0.5628,,0.5231,30.0,0.49,22.0,0.5157,,,,0.5842,
2023-12-19,0.4239,35.0,0.4065,21.0,0.4248,,,,0.718,,0.5227,28.0,0.4897,21.0,0.4248,,,,0.5235,
2023-12-18,0.4734,43.0,0.4392,28.0,0.4354,,,,0.4764,,0.5227,28.0,0.4895,21.0,0.4354,,,,0.5239,
2023-12-14,0.4467,38.0,0.4458,31.0,0.5684,,,,0.5147,,0.5219,27.0,0.4892,21.0,0.4726,,,,0.495,
2023-12-13,0.4898,46.0,0.4352,28.0,0.5396,,,,0.5358,,0.5224,28.0,0.5,31.0,0.5396,,,,0.5173,
2023-12-12,0.4925,46.0,0.4121,23.0,0.542,,,,0.3954,,0.523,28.0,0.4995,30.0,0.542,,,,0.5472,
2023-12-11,0.4882,45.0,0.3813,17.0,0.5224,,,,0.7024,,0.523,28.0,0.4981,28.0,0.5224,,,,0.4891,
2023-12-08,0.4178,34.0,0.2978,5.0,0.5469,,,,0.4817,,0.5168,23.0,0.4945,26.0,0.5469,,,,0.5777,
2023-12-07,0.3644,25.0,0.2818,4.0,0.6242,,,,0.7659,,0.5122,20.0,0.4935,25.0,0.6022,,,,0.6239,
2023-12-06,0.3182,18.0,0.2894,4.0,0.6948,,,,0.7068,,0.5088,18.0,0.4931,24.0,0.6111,,,,0.6105,
2023-12-05,0.3042,16.0,0.3896,18.0,0.692,,,,0.7094,,0.5091,18.0,0.4937,25.0,0.6367,,,,0.7094,
2023-12-04,0.3085,16.0,0.4135,23.0,0.6356,,,,0.7425,,0.5089,18.0,0.496,27.0,0.5344,,,,0.7425,
2023-12-01,0.3318,20.0,0.4834,40.0,0.6672,,,,0.6845,,0.5075,17.0,0.4973,28.0,0.6644,,,,0.6845,
2023-11-30,0.3546,23.0,0.4926,43.0,0.645,,,,0.7449,,0.5119,20.0,0.4982,28.0,0.5386,,,,0.7449,
2023-11-29,0.3737,26.0,0.5087,47.0,0.5862,,,,0.7543,,0.5143,21.0,0.5004,31.0,0.5862,,,,0.7543,
2023-11-28,0.3522,23.0,0.4942,44.0,0.6643,,,,0.6371,,0.5119,20.0,0.4994,30.0,0.6121,,,,0.6043,
2023-11-27,0.3389,21.0,0.5001,45.0,0.3639,,,,0.5501,,0.5125,20.0,0.5,31.0,0.3937,,,,0.509,
2023-11-24,0.3926,28.0,0.4632,36.0,0.4729,,,,0.6575,,0.513,20.0,0.4971,28.0,0.3139,,,,0.5449,
2023-11-22,0.438,37.0,0.4974,45.0,0.2958,,,,0.6341,,0.5243,30.0,0.501,31.0,0.2958,,,,0.6508,
2023-11-21,0.4183,34.0,0.4455,30.0,0.3208,,,,0.5639,,0.5229,28.0,0.4971,28.0,0.3676,,,,0.548,
2023-11-20,0.394,30.0,0.4567,34.0,0.5324,,,,0.4901,,0.5225,28.0,0.4969,28.0,0.5142,,,,0.4958,
2023-11-17,0.4013,31.0,0.4579,34.0,0.5414,,,,0.5497,,0.521,26.0,0.4962,27.0,0.5181,,,,0.523,
2023-11-16,0.3855,27.0,0.481,40.0,0.543,,,,0.5516,,0.5194,25.0,0.4964,27.0,0.3802,,,,0.5143,
2023-11-15,0.3864,28.0,0.5127,48.0,0.8512,,,,0.5695,,0.5194,25.0,0.4957,27.0,0.7759,,,,0.5096,
2023-11-14,0.2944,14.0,0.5147,49.0,0.5255,,,,0.5581,,0.5151,21.0,0.4944,25.0,0.4956,,,,0.5046,
2023-11-13,0.2728,12.0,0.4829,40.0,0.5003,,,,0.6259,,0.5164,22.0,0.493,24.0,0.4608,,,,0.5558,
2023-11-10,0.6371,72.0,0.5144,49.0,0.7814,,,,0.5386,,0.5156,22.0,0.4924,24.0,0.5637,,,,0.6218,
2023-11-09,0.7213,80.0,0.5247,51.0,0.4981,,,,0.5998,,0.5169,23.0,0.492,23.0,0.5045,,,,0.5384,
2023-11-08,0.732,81.0,0.5182,50.0,0.4556,,,,0.488,,0.5168,23.0,0.4909,23.0,0.4249,,,,0.5046,
2023-11-07,0.8164,88.0,0.5279,52.0,0.5512,,,,0.551,,0.5172,24.0,0.4892,21.0,0.4717,,,,0.5084,
2023-11-06,0.8165,88.0,0.4801,39.0,0.5741,,,,0.6182,,0.5172,24.0,0.4868,19.0,0.5239,,,,0.5461,
2023-11-03,0.7972,86.0,0.5014,45.0,0.4243,,,,0.6553,,0.5152,21.0,0.485,18.0,0.5365,,,,0.5348,
2023-11-02,0.7953,86.0,0.4867,41.0,0.4387,,,,0.6147,,0.5152,21.0,0.4851,18.0,0.428,,,,0.7112,
2023-11-01,0.6007,66.0,0.4531,33.0,0.8291,,,,0.5527,,0.4999,15.0,0.4829,16.0,0.5405,,,,0.5527,
2023-10-31,0.57,62.0,0.4399,28.0,0.4974,,,,0.7931,,0.4948,14.0,0.4808,15.0,0.4974,,,,0.5332,
2023-10-30,0.564,61.0,0.4452,30.0,0.7121,,,,0.5793,,0.4938,14.0,0.4804,14.0,0.9044,,,,0.5698,
2023-10-27,0.4955,47.0,0.4995,45.0,0.523,,,,0.6382,,0.4879,13.0,0.4804,14.0,0.3674,,,,0.5764,
2023-10-26,0.4968,47.0,0.5223,50.0,0.5382,,,,0.6095,,0.488,13.0,0.4806,15.0,0.451,,,,0.5598,
2023-10-25,0.5626,61.0,0.5305,53.0,0.7444,,,,0.5779,,0.4874,13.0,0.4831,17.0,0.4209,,,,0.552,
2023-10-23,0.4537,40.0,0.5063,47.0,0.7644,,,,0.6062,,0.4858,13.0,0.4834,17.0,0.4883,,,,0.6062,
2023-10-20,0.4165,33.0,0.511,48.0,0.582,,,,0.535,,0.4866,13.0,0.4867,19.0,0.582,,,,0.535,
2023-10-19,0.3234,19.0,0.5281,53.0,0.5753,,,,0.5821,,0.4855,13.0,0.4871,19.0,0.5753,,,,0.5821,
2023-10-18,0.3103,17.0,0.466,36.0,0.3932,,,,0.4834,,0.4836,12.0,0.4829,16.0,0.3932,,,,0.4834,
2023-10-17,0.3088,16.0,0.4947,44.0,0.386,,,,0.517,,0.4834,12.0,0.4837,17.0,0.386,,,,0.5845,
2023-10-12,0.3338,21.0,0.5427,56.0,0.499,,,,0.4914,,0.4795,12.0,0.484,17.0,0.499,,,,0.4914,
2023-10-11,0.3566,24.0,0.524,51.0,0.468,,,,0.5289,,0.4805,12.0,0.4835,17.0,0.468,,,,0.5056,
2023-10-09,0.3947,30.0,0.4854,41.0,0.4687,,,,0.5134,,0.478,11.0,0.4865,19.0,0.4687,,,,0.4776,
2023-10-06,1.1777,96.0,0.899,92.0,0.4859,,,,0.4684,,0.4776,10.0,0.4835,17.0,0.4859,,,,0.4684,
2023-10-02,1.1221,95.0,0.9364,93.0,0.453,,,,0.5222,,0.474,10.0,0.4818,16.0,0.453,,,,0.5951,
2023-09-29,1.1209,95.0,0.9727,95.0,0.4562,,,,0.4563,,0.4786,11.0,0.4837,17.0,0.4562,,,,0.4548,
2023-09-28,1.1393,96.0,0.9788,95.0,0.4853,,,,0.4483,,0.4829,12.0,0.4841,18.0,0.4853,,,,0.4126,
2023-09-20,0.7422,82.0,0.678,76.0,0.6673,,,,0.4615,,0.4206,4.0,0.4397,4.0,0.6673,,,,0.4615,
2023-09-15,0.7491,83.0,0.71,79.0,0.3986,,,,0.4121,,0.4174,4.0,0.4436,6.0,0.3986,,,,0.4121,
2023-09-14,0.882,91.0,0.6983,78.0,0.3599,,,,0.4481,,0.417,4.0,0.4459,7.0,0.3599,,,,0.4481,
2023-09-13,0.8789,91.0,0.656,74.0,0.7007,,,,0.4668,,0.4128,3.0,0.4441,6.0,0.7007,,,,0.4668,
2023-09-06,0.2649,11.0,0.3168,6.0,0.3519,,,,0.6385,,0.3912,1.0,0.4542,7.0,0.3519,,,,0.6385,
2023-08-29,0.4169,33.0,0.3585,12.0,0.2911,,,,0.3421,,0.388,1.0,0.4629,8.0,0.2911,,,,0.3421,
2023-08-24,0.3977,31.0,0.4091,22.0,0.319,,,,0.4431,,0.3926,1.0,0.4737,12.0,0.319,,,,0.4431,
2023-08-11,0.2469,9.0,0.5034,46.0,0.5845,,,,0.5028,,0.4112,3.0,0.4809,15.0,0.4891,,,,0.5028,
2023-08-10,0.2516,9.0,0.5048,46.0,0.4033,,,,0.5551,,0.4141,3.0,0.4824,16.0,0.5589,,,,0.5551,
2022-01-24,0.6135,68.0,1.083,97.0,1.6636,,,,1.361,,0.6227,57.0,0.6916,71.0,1.6636,,,,0.9711,
2022-01-19,0.7031,78.0,1.1487,98.0,1.8339,,,,1.1977,,0.6197,56.0,0.6711,65.0,1.7219,,,,1.2234,
2022-01-18,0.7172,79.0,1.1403,98.0,1.2615,,,,1.2887,,0.6189,56.0,0.6646,63.0,1.2615,,,,1.2592,
2022-01-14,0.7312,81.0,1.0753,97.0,1.6114,,,,1.2325,,0.6191,56.0,0.6594,62.0,1.0075,,,,1.2245,
2022-01-13,0.8363,89.0,1.2369,99.0,1.0354,,,,1.0562,,0.6183,56.0,0.6568,62.0,1.299,,,,1.2125,
2022-01-12,0.8233,88.0,1.2504,99.0,2.5094,,,,1.7659,,0.6188,56.0,0.672,65.0,1.4482,,,,1.7659,
2022-01-11,0.6084,67.0,1.3327,100.0,1.1872,,,,1.4372,,0.6118,55.0,0.6706,64.0,1.4653,,,,1.2317,
2022-01-10,0.8152,87.0,1.2993,99.0,1.4669,,,,1.3089,,0.6075,55.0,0.6674,63.0,1.102,,,,1.3832,
2022-01-07,0.7702,84.0,1.145,98.0,1.6561,,,,1.2881,,0.6205,56.0,0.6536,61.0,1.0765,,,,1.2881,
2022-01-06,0.7855,86.0,1.0721,97.0,1.1111,,,,1.2503,,0.6173,56.0,0.6468,61.0,1.1111,,,,1.3328,
2022-01-05,0.8772,91.0,1.0722,97.0,0.8529,,,,1.2226,,0.6194,56.0,0.649,61.0,0.8529,,,,1.3893,
2022-01-04,0.8002,87.0,0.8725,90.0,1.3627,,,,1.1042,,0.612,55.0,0.6336,60.0,1.3001,,,,0.9396,
2022-01-03,0.8532,90.0,0.8384,89.0,1.4273,,,,1.1967,,0.6172,55.0,0.6347,60.0,1.4681,,,,1.0841,
2021-12-07,0.7894,86.0,0.6849,77.0,1.9115,,,,2.1034,,0.7759,91.0,0.6788,67.0,1.5915,,,,1.491,
2021-12-02,0.5912,64.0,0.6613,74.0,1.3209,,,,0.9597,,0.7947,94.0,0.693,72.0,1.3834,,,,1.2359,
2021-12-01,0.7795,85.0,0.742,82.0,1.3899,,,,1.2044,,0.7986,94.0,0.6931,72.0,1.2448,,,,1.2044,
2021-11-30,0.7354,81.0,0.7285,81.0,1.0791,,,,1.411,,0.7955,94.0,0.6912,71.0,1.3401,,,,1.2306,
2021-11-29,0.8186,88.0,0.8527,89.0,1.2445,,,,1.4934,,0.7952,94.0,0.692,72.0,1.3511,,,,1.6916,
2021-11-24,0.8107,87.0,0.9036,92.0,1.2559,,,,1.2619,,0.7913,93.0,0.6915,71.0,1.6293,,,,1.2348,
2021-11-23,0.7966,86.0,0.8947,92.0,0.7801,,,,0.8929,,0.7918,93.0,0.6908,71.0,1.479,,,,1.1971,
2021-11-22,0.8608,90.0,0.8286,89.0,1.4173,,,,0.906,,0.7919,93.0,0.6852,70.0,1.3367,,,,1.0878,
2021-11-19,0.7392,82.0,0.7367,82.0,1.2421,,,,1.355,,0.7817,93.0,0.6799,68.0,1.2119,,,,1.2062,
2021-11-18,0.7548,83.0,0.7542,83.0,1.6475,,,,1.0806,,0.7843,93.0,0.6799,68.0,1.2225,,,,1.1984,
2021-11-17,0.6632,75.0,0.6631,75.0,1.2362,,,,1.1836,,0.7798,92.0,0.6769,67.0,1.292,,,,1.2517,
2021-11-16,0.6667,75.0,0.6376,71.0,1.0865,,,,1.1137,,0.7796,92.0,0.6756,66.0,1.2557,,,,1.1907,
2021-11-15,0.5332,54.0,0.5482,57.0,1.1819,,,,1.2779,,0.7725,90.0,0.6719,65.0,1.2164,,,,1.2427,
2021-11-12,0.4873,45.0,0.5358,54.0,1.2173,,,,1.2467,,0.7725,90.0,0.6715,65.0,1.2088,,,,1.2724,
2021-11-11,0.4379,37.0,0.5451,57.0,1.3025,,,,1.5524,,0.7706,89.0,0.6719,65.0,1.5579,,,,1.1916,
2021-11-10,0.4489,39.0,0.5055,46.0,1.2289,,,,1.3305,,0.7709,89.0,0.6712,65.0,1.2759,,,,1.165,
2021-11-09,0.372,26.0,0.4427,28.0,1.1616,,,,1.4749,,0.771,89.0,0.6728,66.0,1.2041,,,,1.1975,
2021-11-08,0.3234,19.0,0.3688,14.0,1.1951,,,,1.1547,,0.7695,88.0,0.6708,64.0,1.2095,,,,1.1711,
2021-11-05,0.335,21.0,0.3734,15.0,1.1032,,,,1.244,,0.7706,89.0,0.6772,67.0,1.3225,,,,1.2214,
2021-11-04,0.4214,35.0,0.3892,18.0,1.2485,,,,1.0449,,0.7806,92.0,0.6848,69.0,1.1898,,,,1.1747,
2021-11-03,0.4094,32.0,0.3882,18.0,1.0472,,,,1.1814,,0.7847,93.0,0.691,71.0,1.1571,,,,1.1999,
2021-11-02,0.3479,23.0,0.417,24.0,1.4501,,,,1.174,,0.7921,93.0,0.6931,72.0,1.2997,,,,1.1712,
2021-11-01,0.6325,71.0,0.4918,43.0,1.0231,,,,1.2407,,0.8162,95.0,0.7043,73.0,1.2567,,,,1.0902,
2021-10-29,0.9188,92.0,0.6202,68.0,1.5613,,,,1.188,,0.8237,97.0,0.7133,75.0,1.2804,,,,1.2043,
2021-10-28,1.0705,95.0,0.7011,79.0,1.1959,,,,1.342,,0.8353,98.0,0.7229,77.0,1.345,,,,1.1708,
2021-10-27,1.0809,95.0,0.7133,80.0,1.1153,,,,1.3203,,0.8366,98.0,0.7251,79.0,1.3523,,,,1.168,
2021-10-26,1.0387,94.0,0.7029,79.0,1.2365,,,,1.195,,0.8415,98.0,0.7257,79.0,1.2162,,,,1.2035,
2021-10-25,1.0394,94.0,0.7095,79.0,1.1016,,,,1.1402,,0.8417,98.0,0.7257,79.0,1.236,,,,1.1546,
2021-10-22,1.0455,95.0,0.6763,76.0,1.3124,,,,1.1459,,0.8424,98.0,0.7236,77.0,1.3808,,,,1.1841,
2021-10-21,0.7744,84.0,0.6557,74.0,1.434,,,,1.0541,,0.8343,98.0,0.7221,77.0,1.2362,,,,1.2493,
2021-10-20,0.6328,71.0,0.5673,61.0,1.6459,,,,1.2162,,0.8242,97.0,0.7188,75.0,1.3365,,,,1.2578,
2021-10-19,0.3679,25.0,0.4666,37.0,1.8421,,,,1.2198,,0.8141,95.0,0.7156,75.0,1.4783,,,,1.2,
2021-10-18,0.3359,21.0,0.4406,28.0,1.2911,,,,1.2176,,0.8139,95.0,0.7202,76.0,1.4807,,,,1.4349,
2021-10-15,0.2985,15.0,0.4512,32.0,1.2046,,,,1.2312,,0.8141,95.0,0.7235,77.0,1.6069,,,,1.1887,
2021-10-14,0.3034,15.0,0.4287,26.0,1.0187,,,,1.4193,,0.8148,95.0,0.7273,80.0,1.2551,,,,0.9635,
2021-10-13,0.3779,27.0,0.4424,28.0,1.5562,,,,1.2913,,0.8151,95.0,0.7267,80.0,1.1777,,,,1.1772,
2021-10-12,0.4995,47.0,0.4321,27.0,1.3536,,,,1.3964,,0.8152,95.0,0.725,78.0,1.2465,,,,1.1169,
2021-10-11,0.3556,24.0,0.4206,25.0,1.3244,,,,1.2156,,0.8117,94.0,0.7245,78.0,1.2371,,,,1.0392,
2021-10-08,0.3403,22.0,0.4256,26.0,1.5952,,,,1.1848,,0.8115,94.0,0.7242,78.0,1.1804,,,,1.0055,
2021-10-07,0.3841,27.0,0.527,52.0,1.7619,,,,1.3366,,0.8117,94.0,0.7252,79.0,1.1997,,,,1.0633,
2021-10-06,0.3368,21.0,0.5668,61.0,1.8013,,,,1.2288,,0.8124,94.0,0.7252,79.0,1.1821,,,,0.9775,
2021-10-05,0.4381,37.0,0.606,66.0,1.6161,,,,1.2154,,0.8124,94.0,0.7254,79.0,1.2721,,,,0.9596,
2021-10-04,0.4531,39.0,0.5765,62.0,1.4881,,,,0.887,,0.812,94.0,0.7244,78.0,1.1644,,,,0.887,
2021-10-01,0.3933,30.0,0.553,57.0,1.3829,,,,0.9622,,0.8141,95.0,0.7243,78.0,1.4951,,,,0.9622,
2021-09-30,0.3905,28.0,0.5361,54.0,1.0766,,,,0.9713,,0.8168,96.0,0.725,78.0,1.2928,,,,0.9713,
2021-09-29,0.516,50.0,0.5652,60.0,3.6969,,,,0.9244,,0.8169,96.0,0.7252,79.0,1.3424,,,,0.9244,
2021-09-28,0.4824,45.0,0.5157,49.0,1.5568,,,,1.1231,,0.8147,95.0,0.7229,77.0,0.8324,,,,1.1231,
2021-09-27,0.4748,44.0,0.4805,39.0,1.4404,,,,1.0561,,0.8149,95.0,0.722,77.0,1.2118,,,,1.0561,
2021-09-24,0.4534,39.0,0.4805,39.0,1.1279,,,,1.1901,,0.8185,96.0,0.7245,78.0,1.2636,,,,1.1892,
2021-09-23,0.4486,39.0,0.489,43.0,1.6779,,,,1.4109,,0.8205,96.0,0.7282,80.0,1.2558,,,,1.2869,
2021-09-22,0.5409,57.0,0.5473,57.0,1.2219,,,,1.2708,,0.8204,96.0,0.7308,81.0,1.2727,,,,1.2708,
2021-09-21,0.5543,59.0,0.5602,59.0,1.5472,,,,1.6438,,0.8203,96.0,0.7309,81.0,1.202,,,,1.1349,
2021-09-20,0.4689,42.0,0.5249,51.0,1.4882,,,,1.5772,,0.8174,96.0,0.7301,81.0,1.1313,,,,1.0919,
2021-09-17,0.4332,36.0,0.5018,46.0,1.3147,,,,1.0838,,0.8218,96.0,0.7337,81.0,1.2172,,,,1.2327,
2021-09-16,0.3914,28.0,0.4823,40.0,1.7171,,,,1.1036,,0.8231,96.0,0.7353,81.0,1.3169,,,,1.1256,
2021-09-15,0.4738,43.0,0.4446,30.0,1.2345,,,,1.1452,,0.8233,96.0,0.735,81.0,1.3652,,,,1.2705,
2021-09-14,0.5428,57.0,0.4855,41.0,1.3469,,,,1.0927,,0.8236,97.0,0.7357,82.0,1.2892,,,,1.1684,
2021-09-13,0.4479,38.0,0.4537,33.0,1.2892,,,,1.1308,,0.8239,97.0,0.7369,82.0,1.1835,,,,1.134,
2021-09-10,0.4435,37.0,0.4595,35.0,1.0069,,,,1.1249,,0.8291,97.0,0.7437,82.0,1.1345,,,,1.2779,
2021-09-09,0.4354,37.0,0.491,43.0,1.3218,,,,1.3164,,0.8285,97.0,0.7445,82.0,1.2169,,,,1.4048,
2021-09-08,0.4072,32.0,0.5248,51.0,1.6837,,,,1.2637,,0.8287,97.0,0.7453,83.0,1.2025,,,,1.1827,
2021-09-07,0.3469,23.0,0.5226,50.0,1.4893,,,,1.1573,,0.8305,97.0,0.7509,83.0,1.1783,,,,1.176,
2021-09-03,0.3693,25.0,0.5314,53.0,1.5866,,,,1.31,,0.8296,97.0,0.7525,83.0,1.2437,,,,1.1606,
2021-09-02,0.3173,18.0,0.4823,40.0,1.4415,,,,1.0625,,0.8281,97.0,0.7578,84.0,1.2718,,,,1.2129,
2021-09-01,0.2955,14.0,0.4699,37.0,1.4774,,,,1.1398,,0.8317,98.0,0.7575,84.0,1.233,,,,1.2874,
2021-08-31,0.2301,7.0,0.4436,30.0,1.3104,,,,1.1907,,0.8339,98.0,0.7628,84.0,1.2817,,,,1.2948,
2021-08-30,0.2467,9.0,0.4171,24.0,1.7677,,,,1.1925,,0.8346,98.0,0.7747,85.0,1.3818,,,,1.2736,
2021-08-27,0.2669,11.0,0.4177,24.0,1.2749,,,,1.3073,,0.839,98.0,0.7781,85.0,1.2623,,,,1.2305,
2021-08-26,0.2904,14.0,0.5287,53.0,1.5264,,,,1.1053,,0.8461,98.0,0.7819,86.0,1.2886,,,,1.2275,
2021-08-25,0.2597,10.0,0.6066,66.0,1.2731,,,,1.247,,0.8503,99.0,0.7833,86.0,1.2242,,,,1.2439,
2021-08-24,0.3251,19.0,0.6219,68.0,1.5439,,,,1.3659,,0.8564,99.0,0.7858,86.0,1.3012,,,,1.115,
2021-08-23,0.3182,18.0,0.6224,69.0,1.2161,,,,1.2643,,0.8563,99.0,0.7908,86.0,1.2672,,,,1.2513,
2021-08-20,0.3424,22.0,0.6431,72.0,1.6856,,,,1.4325,,0.8596,99.0,0.7948,86.0,1.2365,,,,1.2554,
2021-08-19,0.517,50.0,0.7006,79.0,1.1045,,,,1.694,,0.8643,99.0,0.7988,87.0,1.281,,,,1.287,
2021-08-18,0.5182,51.0,0.6884,77.0,1.4688,,,,1.2734,,0.8647,99.0,0.8018,87.0,1.3483,,,,1.1813,
2021-08-17,0.5456,57.0,0.6192,68.0,1.1355,,,,1.3151,,0.8751,99.0,0.8067,88.0,1.4391,,,,1.2266,
2021-08-16,0.5449,57.0,0.5242,51.0,1.4526,,,,1.273,,0.8766,99.0,0.8039,87.0,1.4326,,,,1.383,
2021-08-13,0.6,66.0,0.5238,51.0,1.2923,,,,1.1717,,0.8776,100.0,0.8045,87.0,1.2532,,,,1.5459,
2021-08-12,0.6059,67.0,0.5385,55.0,1.2685,,,,1.1998,,0.8779,100.0,0.8045,87.0,1.2318,,,,1.4021,
2021-08-11,0.5886,64.0,0.5371,55.0,1.4214,,,,1.1066,,0.8827,100.0,0.8062,88.0,1.5614,,,,1.3353,
2021-08-10,0.4278,35.0,0.4883,42.0,2.4146,,,,2.5219,,0.8773,100.0,0.8039,87.0,1.2423,,,,1.195,
2021-08-09,0.6072,67.0,0.5269,52.0,1.6865,,,,1.2944,,0.8784,100.0,0.807,88.0,1.3707,,,,1.289,
2021-08-06,0.5663,61.0,0.5182,50.0,1.5711,,,,1.4528,,0.8771,99.0,0.8081,88.0,1.2877,,,,1.2477,
2021-08-05,0.5669,61.0,0.5455,57.0,1.1369,,,,1.318,,0.8769,99.0,0.8103,89.0,1.6514,,,,1.3066,
2021-08-04,0.6516,74.0,0.5781,63.0,2.3729,,,,1.0939,,0.8773,100.0,0.8109,89.0,1.2884,,,,1.0939,
2021-08-03,0.6384,73.0,0.568,61.0,1.5655,,,,1.3836,,0.886,100.0,0.8127,89.0,1.3629,,,,1.6545,
2017-06-28,0.8468,89.0,0.9083,93.0,0.6316,,,,0.6399,,0.4878,13.0,0.5379,49.0,0.6316,,,,0.6399,
2017-06-22,0.2817,13.0,0.4667,37.0,0.6294,,,,0.6393,,0.4661,9.0,0.5057,34.0,0.6294,,,,0.6393,
2017-06-21,0.2807,13.0,0.4751,38.0,0.6409,,,,0.6498,,0.4683,9.0,0.5074,36.0,0.6409,,,,0.6498,
